{
  "type": "FeatureCollection",
  "name": "Warwick bus stops, DfT BODS 2026-09-27",
  "features": [
    {
      "type": "Feature",
      "geometry": {
        "type": "Point",
        "coordinates": [
          -1.61707,
          52.43869
        ]
      },
      "properties": {
        "name": "A45 Bridge",
        "campus_code": "",
        "atco_code": "43000128601",
        "sms_code": "nwmadmat",
        "services": "X1",
        "route_count": 1
      }
    },
    {
      "type": "Feature",
      "geometry": {
        "type": "Point",
        "coordinates": [
          -1.54445,
          52.37677
        ]
      },
      "properties": {
        "name": "Abberton Way",
        "campus_code": "",
        "atco_code": "43000061501",
        "sms_code": "nwmdwmwd",
        "services": "12X",
        "route_count": 1
      }
    },
    {
      "type": "Feature",
      "geometry": {
        "type": "Point",
        "coordinates": [
          -1.54461,
          52.37623
        ]
      },
      "properties": {
        "name": "Abberton Way",
        "campus_code": "",
        "atco_code": "43000061502",
        "sms_code": "nwmdwmwg",
        "services": "12X",
        "route_count": 1
      }
    },
    {
      "type": "Feature",
      "geometry": {
        "type": "Point",
        "coordinates": [
          -1.47803,
          52.38661
        ]
      },
      "properties": {
        "name": "Abbey Court",
        "campus_code": "",
        "atco_code": "43000053501",
        "sms_code": "nwmdwgmp",
        "services": "21, 60",
        "route_count": 2
      }
    },
    {
      "type": "Feature",
      "geometry": {
        "type": "Point",
        "coordinates": [
          -1.4773,
          52.38603
        ]
      },
      "properties": {
        "name": "Abbey Court",
        "campus_code": "",
        "atco_code": "43000053502",
        "sms_code": "nwmdwgmt",
        "services": "21, 60",
        "route_count": 2
      }
    },
    {
      "type": "Feature",
      "geometry": {
        "type": "Point",
        "coordinates": [
          -1.580048854,
          52.348822203
        ]
      },
      "properties": {
        "name": "Abbey Fields",
        "campus_code": "",
        "atco_code": "4200F108601",
        "sms_code": "warajpga",
        "services": "11",
        "route_count": 1
      }
    },
    {
      "type": "Feature",
      "geometry": {
        "type": "Point",
        "coordinates": [
          -1.579158829,
          52.348243665
        ]
      },
      "properties": {
        "name": "Abbey Fields",
        "campus_code": "",
        "atco_code": "4200F108602",
        "sms_code": "warajpgd",
        "services": "11",
        "route_count": 1
      }
    },
    {
      "type": "Feature",
      "geometry": {
        "type": "Point",
        "coordinates": [
          -1.88122,
          52.47389
        ]
      },
      "properties": {
        "name": "Adderley Street",
        "campus_code": "",
        "atco_code": "43000211502",
        "sms_code": "nwmajmjw",
        "services": "X1",
        "route_count": 1
      }
    },
    {
      "type": "Feature",
      "geometry": {
        "type": "Point",
        "coordinates": [
          -1.88174,
          52.47392
        ]
      },
      "properties": {
        "name": "Adderley Street",
        "campus_code": "",
        "atco_code": "43000211504",
        "sms_code": "nwmajmpd",
        "services": "X1",
        "route_count": 1
      }
    },
    {
      "type": "Feature",
      "geometry": {
        "type": "Point",
        "coordinates": [
          -1.73103,
          52.44627
        ]
      },
      "properties": {
        "name": "Airport Way",
        "campus_code": "",
        "atco_code": "43000687901",
        "sms_code": "nwmwjamj",
        "services": "X1",
        "route_count": 1
      }
    },
    {
      "type": "Feature",
      "geometry": {
        "type": "Point",
        "coordinates": [
          -1.61226,
          52.43385
        ]
      },
      "properties": {
        "name": "Albert Road",
        "campus_code": "",
        "atco_code": "43000100101",
        "sms_code": "nwmadgma",
        "services": "X1",
        "route_count": 1
      }
    },
    {
      "type": "Feature",
      "geometry": {
        "type": "Point",
        "coordinates": [
          -1.56607,
          52.42418
        ]
      },
      "properties": {
        "name": "Allesley Post Office",
        "campus_code": "",
        "atco_code": "43000084401",
        "sms_code": "nwmadgdj",
        "services": "X1",
        "route_count": 1
      }
    },
    {
      "type": "Feature",
      "geometry": {
        "type": "Point",
        "coordinates": [
          -1.56514,
          52.42409
        ]
      },
      "properties": {
        "name": "Allesley Post Office",
        "campus_code": "",
        "atco_code": "43000084402",
        "sms_code": "nwmadgdm",
        "services": "X1",
        "route_count": 1
      }
    },
    {
      "type": "Feature",
      "geometry": {
        "type": "Point",
        "coordinates": [
          -1.89104,
          52.47633
        ]
      },
      "properties": {
        "name": "Allison Street",
        "campus_code": "",
        "atco_code": "43002104002",
        "sms_code": "nwmwawpd",
        "services": "X1",
        "route_count": 1
      }
    },
    {
      "type": "Feature",
      "geometry": {
        "type": "Point",
        "coordinates": [
          -1.57938,
          52.41666
        ]
      },
      "properties": {
        "name": "Alspath Lane",
        "campus_code": "",
        "atco_code": "43000073501",
        "sms_code": "nwmgadwt",
        "services": "14, 14A",
        "route_count": 2
      }
    },
    {
      "type": "Feature",
      "geometry": {
        "type": "Point",
        "coordinates": [
          -1.57844,
          52.41655
        ]
      },
      "properties": {
        "name": "Alspath Lane",
        "campus_code": "",
        "atco_code": "43000073502",
        "sms_code": "nwmgagad",
        "services": "14",
        "route_count": 1
      }
    },
    {
      "type": "Feature",
      "geometry": {
        "type": "Point",
        "coordinates": [
          -1.52872,
          52.41303
        ]
      },
      "properties": {
        "name": "Alvis Retail Park",
        "campus_code": "",
        "atco_code": "43000080301",
        "sms_code": "nwmadawd",
        "services": "X1",
        "route_count": 1
      }
    },
    {
      "type": "Feature",
      "geometry": {
        "type": "Point",
        "coordinates": [
          -1.52882,
          52.41293
        ]
      },
      "properties": {
        "name": "Alvis Retail Park",
        "campus_code": "",
        "atco_code": "43000080302",
        "sms_code": "nwmadawg",
        "services": "X1",
        "route_count": 1
      }
    },
    {
      "type": "Feature",
      "geometry": {
        "type": "Point",
        "coordinates": [
          -1.4522,
          52.4153
        ]
      },
      "properties": {
        "name": "Arch Road",
        "campus_code": "",
        "atco_code": "43000035001",
        "sms_code": "nwmdtmdj",
        "services": "60",
        "route_count": 1
      }
    },
    {
      "type": "Feature",
      "geometry": {
        "type": "Point",
        "coordinates": [
          -1.45178,
          52.41543
        ]
      },
      "properties": {
        "name": "Arch Road",
        "campus_code": "",
        "atco_code": "43000035002",
        "sms_code": "nwmdtmdm",
        "services": "60",
        "route_count": 1
      }
    },
    {
      "type": "Feature",
      "geometry": {
        "type": "Point",
        "coordinates": [
          -1.71893,
          52.44482
        ]
      },
      "properties": {
        "name": "Arden Hotel",
        "campus_code": "",
        "atco_code": "43000105701",
        "sms_code": "nwmadjmw",
        "services": "X1",
        "route_count": 1
      }
    },
    {
      "type": "Feature",
      "geometry": {
        "type": "Point",
        "coordinates": [
          -1.74129,
          52.39382
        ]
      },
      "properties": {
        "name": "Arden Vale Road",
        "campus_code": "",
        "atco_code": "43000118401",
        "sms_code": "nwmgawad",
        "services": "87",
        "route_count": 1
      }
    },
    {
      "type": "Feature",
      "geometry": {
        "type": "Point",
        "coordinates": [
          -1.74075,
          52.39336
        ]
      },
      "properties": {
        "name": "Arden Vale Road",
        "campus_code": "",
        "atco_code": "43000118402",
        "sms_code": "nwmgawag",
        "services": "87",
        "route_count": 1
      }
    },
    {
      "type": "Feature",
      "geometry": {
        "type": "Point",
        "coordinates": [
          -1.4716,
          52.42137
        ]
      },
      "properties": {
        "name": "Armscott Road",
        "campus_code": "",
        "atco_code": "43001036701",
        "sms_code": "nwmtjatd",
        "services": "60",
        "route_count": 1
      }
    },
    {
      "type": "Feature",
      "geometry": {
        "type": "Point",
        "coordinates": [
          -1.46333,
          52.38723
        ]
      },
      "properties": {
        "name": "Arnhem Corner",
        "campus_code": "",
        "atco_code": "43000056702",
        "sms_code": "nwmdwjpg",
        "services": "21, 60",
        "route_count": 2
      }
    },
    {
      "type": "Feature",
      "geometry": {
        "type": "Point",
        "coordinates": [
          -1.535671481,
          52.296737433
        ]
      },
      "properties": {
        "name": "Arnold Lodge School",
        "campus_code": "",
        "atco_code": "4200F149903",
        "sms_code": "waraptmg",
        "services": "11, U1, U1A",
        "route_count": 3
      }
    },
    {
      "type": "Feature",
      "geometry": {
        "type": "Point",
        "coordinates": [
          -1.51731,
          52.43005
        ]
      },
      "properties": {
        "name": "Asda",
        "campus_code": "",
        "atco_code": "43000012101",
        "sms_code": "nwmptmtd",
        "services": "15",
        "route_count": 1
      }
    },
    {
      "type": "Feature",
      "geometry": {
        "type": "Point",
        "coordinates": [
          -1.51783,
          52.43018
        ]
      },
      "properties": {
        "name": "Asda",
        "campus_code": "",
        "atco_code": "43000012102",
        "sms_code": "nwmptmtg",
        "services": "15",
        "route_count": 1
      }
    },
    {
      "type": "Feature",
      "geometry": {
        "type": "Point",
        "coordinates": [
          -1.59532,
          52.40147
        ]
      },
      "properties": {
        "name": "Ashfield Avenue",
        "campus_code": "",
        "atco_code": "43000076101",
        "sms_code": "nwmgagwj",
        "services": "14, 14A",
        "route_count": 2
      }
    },
    {
      "type": "Feature",
      "geometry": {
        "type": "Point",
        "coordinates": [
          -1.59556,
          52.4015
        ]
      },
      "properties": {
        "name": "Ashfield Avenue",
        "campus_code": "",
        "atco_code": "43000076102",
        "sms_code": "nwmgagwm",
        "services": "14",
        "route_count": 1
      }
    },
    {
      "type": "Feature",
      "geometry": {
        "type": "Point",
        "coordinates": [
          -1.5973,
          52.41339
        ]
      },
      "properties": {
        "name": "Astoria Drive",
        "campus_code": "",
        "atco_code": "43001056001",
        "sms_code": "nwmpjmtd",
        "services": "14",
        "route_count": 1
      }
    },
    {
      "type": "Feature",
      "geometry": {
        "type": "Point",
        "coordinates": [
          -1.59635,
          52.40601
        ]
      },
      "properties": {
        "name": "Avalon Court",
        "campus_code": "",
        "atco_code": "43000076401",
        "sms_code": "nwmgajaj",
        "services": "14, 14A",
        "route_count": 2
      }
    },
    {
      "type": "Feature",
      "geometry": {
        "type": "Point",
        "coordinates": [
          -1.59656,
          52.40624
        ]
      },
      "properties": {
        "name": "Avalon Court",
        "campus_code": "",
        "atco_code": "43000076402",
        "sms_code": "nwmgajam",
        "services": "14",
        "route_count": 1
      }
    },
    {
      "type": "Feature",
      "geometry": {
        "type": "Point",
        "coordinates": [
          -1.51587,
          52.3845
        ]
      },
      "properties": {
        "name": "Baginton Road",
        "campus_code": "",
        "atco_code": "43000052601",
        "sms_code": "nwmdwgda",
        "services": "60",
        "route_count": 1
      }
    },
    {
      "type": "Feature",
      "geometry": {
        "type": "Point",
        "coordinates": [
          -1.65088,
          52.39153
        ]
      },
      "properties": {
        "name": "Balsall Common Island",
        "campus_code": "",
        "atco_code": "43000104401",
        "sms_code": "nwmadjam",
        "services": "87",
        "route_count": 1
      }
    },
    {
      "type": "Feature",
      "geometry": {
        "type": "Point",
        "coordinates": [
          -1.65096,
          52.39166
        ]
      },
      "properties": {
        "name": "Balsall Common Island",
        "campus_code": "",
        "atco_code": "43000104402",
        "sms_code": "nwmadjap",
        "services": "87",
        "route_count": 1
      }
    },
    {
      "type": "Feature",
      "geometry": {
        "type": "Point",
        "coordinates": [
          -1.66061,
          52.38664
        ]
      },
      "properties": {
        "name": "Balsall Street",
        "campus_code": "",
        "atco_code": "43000103601",
        "sms_code": "nwmadgtp",
        "services": "87",
        "route_count": 1
      }
    },
    {
      "type": "Feature",
      "geometry": {
        "type": "Point",
        "coordinates": [
          -1.65973,
          52.38766
        ]
      },
      "properties": {
        "name": "Balsall Street",
        "campus_code": "",
        "atco_code": "43000103602",
        "sms_code": "nwmadgtw",
        "services": "87",
        "route_count": 1
      }
    },
    {
      "type": "Feature",
      "geometry": {
        "type": "Point",
        "coordinates": [
          -1.59701,
          52.41145
        ]
      },
      "properties": {
        "name": "Bannerbrook Park",
        "campus_code": "",
        "atco_code": "43000076601",
        "sms_code": "nwmgajaw",
        "services": "14",
        "route_count": 1
      }
    },
    {
      "type": "Feature",
      "geometry": {
        "type": "Point",
        "coordinates": [
          -1.59684,
          52.41173
        ]
      },
      "properties": {
        "name": "Bannerbrook Park",
        "campus_code": "",
        "atco_code": "43000076602",
        "sms_code": "nwmgajda",
        "services": "14, 14A",
        "route_count": 2
      }
    },
    {
      "type": "Feature",
      "geometry": {
        "type": "Point",
        "coordinates": [
          -1.53967287,
          52.265763402
        ]
      },
      "properties": {
        "name": "Banquo Approach",
        "campus_code": "",
        "atco_code": "4200F143803",
        "sms_code": "wardpjgp",
        "services": "U1",
        "route_count": 1
      }
    },
    {
      "type": "Feature",
      "geometry": {
        "type": "Point",
        "coordinates": [
          -1.6769,
          52.39284
        ]
      },
      "properties": {
        "name": "Barston Lane",
        "campus_code": "",
        "atco_code": "43000101901",
        "sms_code": "nwmgapga",
        "services": "87",
        "route_count": 1
      }
    },
    {
      "type": "Feature",
      "geometry": {
        "type": "Point",
        "coordinates": [
          -1.67687,
          52.39281
        ]
      },
      "properties": {
        "name": "Barston Lane",
        "campus_code": "",
        "atco_code": "43000101902",
        "sms_code": "nwmtwmtg",
        "services": "87",
        "route_count": 1
      }
    },
    {
      "type": "Feature",
      "geometry": {
        "type": "Point",
        "coordinates": [
          -1.52403,
          52.38179
        ]
      },
      "properties": {
        "name": "Bathway Road",
        "campus_code": "",
        "atco_code": "43000054901",
        "sms_code": "nwmdwgwm",
        "services": "60",
        "route_count": 1
      }
    },
    {
      "type": "Feature",
      "geometry": {
        "type": "Point",
        "coordinates": [
          -1.52413,
          52.38208
        ]
      },
      "properties": {
        "name": "Bathway Road",
        "campus_code": "",
        "atco_code": "43000054902",
        "sms_code": "nwmdwgwp",
        "services": "60",
        "route_count": 1
      }
    },
    {
      "type": "Feature",
      "geometry": {
        "type": "Point",
        "coordinates": [
          -1.535402858,
          52.294380915
        ]
      },
      "properties": {
        "name": "Beauchamp Avenue",
        "campus_code": "",
        "atco_code": "4200F150001",
        "sms_code": "waraptmj",
        "services": "11, U1, U1A",
        "route_count": 3
      }
    },
    {
      "type": "Feature",
      "geometry": {
        "type": "Point",
        "coordinates": [
          -1.56533,
          52.40787
        ]
      },
      "properties": {
        "name": "Beech Tree Avenue",
        "campus_code": "",
        "atco_code": "43000073001",
        "sms_code": "nwmgadtp",
        "services": "14",
        "route_count": 1
      }
    },
    {
      "type": "Feature",
      "geometry": {
        "type": "Point",
        "coordinates": [
          -1.56595,
          52.40788
        ]
      },
      "properties": {
        "name": "Beech Tree Avenue",
        "campus_code": "",
        "atco_code": "43000073002",
        "sms_code": "nwmgadtw",
        "services": "14, 14A",
        "route_count": 2
      }
    },
    {
      "type": "Feature",
      "geometry": {
        "type": "Point",
        "coordinates": [
          -1.52862,
          52.39311
        ]
      },
      "properties": {
        "name": "Beechwood Avenue",
        "campus_code": "",
        "atco_code": "43000060401",
        "sms_code": "nwmdwmjd",
        "services": "12X, 87",
        "route_count": 2
      }
    },
    {
      "type": "Feature",
      "geometry": {
        "type": "Point",
        "coordinates": [
          -1.52932,
          52.39213
        ]
      },
      "properties": {
        "name": "Beechwood Avenue",
        "campus_code": "",
        "atco_code": "43000060402",
        "sms_code": "nwmdwmjg",
        "services": "12X, 87",
        "route_count": 2
      }
    },
    {
      "type": "Feature",
      "geometry": {
        "type": "Point",
        "coordinates": [
          -1.51382,
          52.41041
        ]
      },
      "properties": {
        "name": "Belgrade Theatre",
        "campus_code": "",
        "atco_code": "43000004101",
        "sms_code": "nwmadaga",
        "services": "15, X1",
        "route_count": 2
      }
    },
    {
      "type": "Feature",
      "geometry": {
        "type": "Point",
        "coordinates": [
          -1.51453,
          52.41083
        ]
      },
      "properties": {
        "name": "Belgrade Theatre",
        "campus_code": "",
        "atco_code": "43000004104",
        "sms_code": "nwmadagm",
        "services": "X1",
        "route_count": 1
      }
    },
    {
      "type": "Feature",
      "geometry": {
        "type": "Point",
        "coordinates": [
          -1.51428,
          52.41063
        ]
      },
      "properties": {
        "name": "Belgrade Theatre",
        "campus_code": "",
        "atco_code": "43000004106",
        "sms_code": "nwmadagt",
        "services": "15",
        "route_count": 1
      }
    },
    {
      "type": "Feature",
      "geometry": {
        "type": "Point",
        "coordinates": [
          -1.45566,
          52.41465
        ]
      },
      "properties": {
        "name": "Belgrave Square",
        "campus_code": "",
        "atco_code": "43000340301",
        "sms_code": "nwmtmtpd",
        "services": "60",
        "route_count": 1
      }
    },
    {
      "type": "Feature",
      "geometry": {
        "type": "Point",
        "coordinates": [
          -1.45581,
          52.41473
        ]
      },
      "properties": {
        "name": "Belgrave Square",
        "campus_code": "",
        "atco_code": "43000340302",
        "sms_code": "nwmtmtpg",
        "services": "60",
        "route_count": 1
      }
    },
    {
      "type": "Feature",
      "geometry": {
        "type": "Point",
        "coordinates": [
          -1.47485,
          52.43622
        ]
      },
      "properties": {
        "name": "Bellview Way",
        "campus_code": "",
        "atco_code": "43000025301",
        "sms_code": "nwmpwdmw",
        "services": "21",
        "route_count": 1
      }
    },
    {
      "type": "Feature",
      "geometry": {
        "type": "Point",
        "coordinates": [
          -1.54846,
          52.4079
        ]
      },
      "properties": {
        "name": "Billing Road",
        "campus_code": "",
        "atco_code": "43000081901",
        "sms_code": "nwmgajwg",
        "services": "14, 14A",
        "route_count": 2
      }
    },
    {
      "type": "Feature",
      "geometry": {
        "type": "Point",
        "coordinates": [
          -1.54737,
          52.40753
        ]
      },
      "properties": {
        "name": "Billing Road",
        "campus_code": "",
        "atco_code": "43000081902",
        "sms_code": "nwmgajwj",
        "services": "14",
        "route_count": 1
      }
    },
    {
      "type": "Feature",
      "geometry": {
        "type": "Point",
        "coordinates": [
          -1.73191,
          52.453
        ]
      },
      "properties": {
        "name": "Birmingham Airport Bus Terminal",
        "campus_code": "",
        "atco_code": "43000105511",
        "sms_code": "nwmtgtjg",
        "services": "X1",
        "route_count": 1
      }
    },
    {
      "type": "Feature",
      "geometry": {
        "type": "Point",
        "coordinates": [
          -1.88852,
          52.4756
        ]
      },
      "properties": {
        "name": "Birmingham Coach Station",
        "campus_code": "",
        "atco_code": "43000211301",
        "sms_code": "nwmajmgw",
        "services": "X1",
        "route_count": 1
      }
    },
    {
      "type": "Feature",
      "geometry": {
        "type": "Point",
        "coordinates": [
          -1.88784,
          52.4756
        ]
      },
      "properties": {
        "name": "Birmingham Coach Station",
        "campus_code": "",
        "atco_code": "43000211303",
        "sms_code": "nwmajmjd",
        "services": "X1",
        "route_count": 1
      }
    },
    {
      "type": "Feature",
      "geometry": {
        "type": "Point",
        "coordinates": [
          -1.72557,
          52.45031
        ]
      },
      "properties": {
        "name": "Birmingham International Station",
        "campus_code": "",
        "atco_code": "43000105603",
        "sms_code": "nwmadjmp",
        "services": "X1",
        "route_count": 1
      }
    },
    {
      "type": "Feature",
      "geometry": {
        "type": "Point",
        "coordinates": [
          -1.7257,
          52.4504
        ]
      },
      "properties": {
        "name": "Birmingham International Station",
        "campus_code": "",
        "atco_code": "43000105604",
        "sms_code": "nwmadjmt",
        "services": "X1",
        "route_count": 1
      }
    },
    {
      "type": "Feature",
      "geometry": {
        "type": "Point",
        "coordinates": [
          -1.4745,
          52.42529
        ]
      },
      "properties": {
        "name": "Blackberry Lane",
        "campus_code": "",
        "atco_code": "43001036501",
        "sms_code": "nwmpjmjg",
        "services": "60",
        "route_count": 1
      }
    },
    {
      "type": "Feature",
      "geometry": {
        "type": "Point",
        "coordinates": [
          -1.539520277,
          52.311622449
        ]
      },
      "properties": {
        "name": "Blackdown Crossorads",
        "campus_code": "",
        "atco_code": "4200F149502",
        "sms_code": "waradtpm",
        "services": "11, U1, U1A",
        "route_count": 3
      }
    },
    {
      "type": "Feature",
      "geometry": {
        "type": "Point",
        "coordinates": [
          -1.539695765,
          52.313088549
        ]
      },
      "properties": {
        "name": "Blackdown Crossroads",
        "campus_code": "",
        "atco_code": "4200F149501",
        "sms_code": "waradtpj",
        "services": "11, U1, U1A",
        "route_count": 3
      }
    },
    {
      "type": "Feature",
      "geometry": {
        "type": "Point",
        "coordinates": [
          -1.44252,
          52.41891
        ]
      },
      "properties": {
        "name": "Blandford Drive",
        "campus_code": "",
        "atco_code": "43000038301",
        "sms_code": "nwmdtpdj",
        "services": "60",
        "route_count": 1
      }
    },
    {
      "type": "Feature",
      "geometry": {
        "type": "Point",
        "coordinates": [
          -1.4413,
          52.41858
        ]
      },
      "properties": {
        "name": "Blandford Drive",
        "campus_code": "",
        "atco_code": "43000038302",
        "sms_code": "nwmdtpdm",
        "services": "60",
        "route_count": 1
      }
    },
    {
      "type": "Feature",
      "geometry": {
        "type": "Point",
        "coordinates": [
          -1.64116,
          52.38413
        ]
      },
      "properties": {
        "name": "Blythe Avenue",
        "campus_code": "",
        "atco_code": "43000109001",
        "sms_code": "nwmdtjad",
        "services": "87",
        "route_count": 1
      }
    },
    {
      "type": "Feature",
      "geometry": {
        "type": "Point",
        "coordinates": [
          -1.64047,
          52.38412
        ]
      },
      "properties": {
        "name": "Blythe Avenue",
        "campus_code": "",
        "atco_code": "43000109002",
        "sms_code": "nwmgataj",
        "services": "87",
        "route_count": 1
      }
    },
    {
      "type": "Feature",
      "geometry": {
        "type": "Point",
        "coordinates": [
          -1.58866,
          52.38639
        ]
      },
      "properties": {
        "name": "Bockendon Road",
        "campus_code": "",
        "atco_code": "43000065801",
        "sms_code": "nwmdwptw",
        "services": "87",
        "route_count": 1
      }
    },
    {
      "type": "Feature",
      "geometry": {
        "type": "Point",
        "coordinates": [
          -1.59052,
          52.38684
        ]
      },
      "properties": {
        "name": "Bockendon Road",
        "campus_code": "",
        "atco_code": "43000065802",
        "sms_code": "nwmdwpwa",
        "services": "87",
        "route_count": 1
      }
    },
    {
      "type": "Feature",
      "geometry": {
        "type": "Point",
        "coordinates": [
          -1.87805,
          52.47249
        ]
      },
      "properties": {
        "name": "Bordesley Rail Station",
        "campus_code": "",
        "atco_code": "43000211601",
        "sms_code": "nwmajmpg",
        "services": "X1",
        "route_count": 1
      }
    },
    {
      "type": "Feature",
      "geometry": {
        "type": "Point",
        "coordinates": [
          -1.87784,
          52.47258
        ]
      },
      "properties": {
        "name": "Bordesley Rail Station",
        "campus_code": "",
        "atco_code": "43000211602",
        "sms_code": "nwmajmpj",
        "services": "X1",
        "route_count": 1
      }
    },
    {
      "type": "Feature",
      "geometry": {
        "type": "Point",
        "coordinates": [
          -1.58564,
          52.39304
        ]
      },
      "properties": {
        "name": "Bradney Green",
        "campus_code": "",
        "atco_code": "43000067301",
        "sms_code": "nwmdwtgj",
        "services": "14",
        "route_count": 1
      }
    },
    {
      "type": "Feature",
      "geometry": {
        "type": "Point",
        "coordinates": [
          -1.58496,
          52.39316
        ]
      },
      "properties": {
        "name": "Bradney Green",
        "campus_code": "",
        "atco_code": "43000067302",
        "sms_code": "nwmdwtgm",
        "services": "14, 14A",
        "route_count": 2
      }
    },
    {
      "type": "Feature",
      "geometry": {
        "type": "Point",
        "coordinates": [
          -1.79679,
          52.45764
        ]
      },
      "properties": {
        "name": "Brays Road",
        "campus_code": "",
        "atco_code": "43000446401",
        "sms_code": "nwmdapja",
        "services": "X1",
        "route_count": 1
      }
    },
    {
      "type": "Feature",
      "geometry": {
        "type": "Point",
        "coordinates": [
          -1.79722,
          52.45723
        ]
      },
      "properties": {
        "name": "Brays Road",
        "campus_code": "",
        "atco_code": "43000446402",
        "sms_code": "nwmdapjd",
        "services": "X1",
        "route_count": 1
      }
    },
    {
      "type": "Feature",
      "geometry": {
        "type": "Point",
        "coordinates": [
          -1.58883,
          52.43063
        ]
      },
      "properties": {
        "name": "Brickhill Lane",
        "campus_code": "",
        "atco_code": "43000086201",
        "sms_code": "nwmadgjd",
        "services": "X1",
        "route_count": 1
      }
    },
    {
      "type": "Feature",
      "geometry": {
        "type": "Point",
        "coordinates": [
          -1.59152,
          52.43117
        ]
      },
      "properties": {
        "name": "Brickhill Lane",
        "campus_code": "",
        "atco_code": "43000086202",
        "sms_code": "nwmadgjg",
        "services": "X1",
        "route_count": 1
      }
    },
    {
      "type": "Feature",
      "geometry": {
        "type": "Point",
        "coordinates": [
          -1.62116,
          52.38826
        ]
      },
      "properties": {
        "name": "Bridge",
        "campus_code": "",
        "atco_code": "43000102601",
        "sms_code": "nwmgapja",
        "services": "87",
        "route_count": 1
      }
    },
    {
      "type": "Feature",
      "geometry": {
        "type": "Point",
        "coordinates": [
          -1.62057,
          52.38845
        ]
      },
      "properties": {
        "name": "Bridge",
        "campus_code": "",
        "atco_code": "43000102602",
        "sms_code": "nwmgapjd",
        "services": "87",
        "route_count": 1
      }
    },
    {
      "type": "Feature",
      "geometry": {
        "type": "Point",
        "coordinates": [
          -1.4445,
          52.40843
        ]
      },
      "properties": {
        "name": "Bridgeacre Gardens",
        "campus_code": "",
        "atco_code": "43000045201",
        "sms_code": "nwmdwajp",
        "services": "60",
        "route_count": 1
      }
    },
    {
      "type": "Feature",
      "geometry": {
        "type": "Point",
        "coordinates": [
          -1.44468,
          52.40856
        ]
      },
      "properties": {
        "name": "Bridgeacre Gardens",
        "campus_code": "",
        "atco_code": "43000045202",
        "sms_code": "nwmdwajt",
        "services": "60",
        "route_count": 1
      }
    },
    {
      "type": "Feature",
      "geometry": {
        "type": "Point",
        "coordinates": [
          -1.55688,
          52.40652
        ]
      },
      "properties": {
        "name": "Broadlands Close",
        "campus_code": "",
        "atco_code": "43000071902",
        "sms_code": "nwmgadjt",
        "services": "14, 14A",
        "route_count": 2
      }
    },
    {
      "type": "Feature",
      "geometry": {
        "type": "Point",
        "coordinates": [
          -1.57455,
          52.3845
        ]
      },
      "properties": {
        "name": "Broadwells Crescent",
        "campus_code": "",
        "atco_code": "43000066901",
        "sms_code": "nwmdwtdp",
        "services": "87",
        "route_count": 1
      }
    },
    {
      "type": "Feature",
      "geometry": {
        "type": "Point",
        "coordinates": [
          -1.57501,
          52.38458
        ]
      },
      "properties": {
        "name": "Broadwells Crescent",
        "campus_code": "",
        "atco_code": "43000066902",
        "sms_code": "nwmtjgmd",
        "services": "87",
        "route_count": 1
      }
    },
    {
      "type": "Feature",
      "geometry": {
        "type": "Point",
        "coordinates": [
          -1.81851,
          52.46194
        ]
      },
      "properties": {
        "name": "Broadyates Road",
        "campus_code": "",
        "atco_code": "43000445103",
        "sms_code": "nwmdapad",
        "services": "X1",
        "route_count": 1
      }
    },
    {
      "type": "Feature",
      "geometry": {
        "type": "Point",
        "coordinates": [
          -1.76755,
          52.41347
        ]
      },
      "properties": {
        "name": "Brueton Avenue",
        "campus_code": "",
        "atco_code": "43000157301",
        "sms_code": "nwmgdmgp",
        "services": "87",
        "route_count": 1
      }
    },
    {
      "type": "Feature",
      "geometry": {
        "type": "Point",
        "coordinates": [
          -1.76743,
          52.41326
        ]
      },
      "properties": {
        "name": "Brueton Avenue",
        "campus_code": "",
        "atco_code": "43000157302",
        "sms_code": "nwmgdmgt",
        "services": "87",
        "route_count": 1
      }
    },
    {
      "type": "Feature",
      "geometry": {
        "type": "Point",
        "coordinates": [
          -1.89223,
          52.4776
        ]
      },
      "properties": {
        "name": "Bullring",
        "campus_code": "",
        "atco_code": "43000202203",
        "sms_code": "nwmwatgj",
        "services": "X1",
        "route_count": 1
      }
    },
    {
      "type": "Feature",
      "geometry": {
        "type": "Point",
        "coordinates": [
          -1.65768,
          52.38921
        ]
      },
      "properties": {
        "name": "Burberry Grove",
        "campus_code": "",
        "atco_code": "43001106701",
        "sms_code": "nwmpjpgp",
        "services": "87",
        "route_count": 1
      }
    },
    {
      "type": "Feature",
      "geometry": {
        "type": "Point",
        "coordinates": [
          -1.65747,
          52.38905
        ]
      },
      "properties": {
        "name": "Burberry Grove",
        "campus_code": "",
        "atco_code": "43001106702",
        "sms_code": "nwmwdtmg",
        "services": "87",
        "route_count": 1
      }
    },
    {
      "type": "Feature",
      "geometry": {
        "type": "Point",
        "coordinates": [
          -1.52243,
          52.43486
        ]
      },
      "properties": {
        "name": "Burnaby Road",
        "campus_code": "",
        "atco_code": "43000015101",
        "sms_code": "nwmptpjp",
        "services": "15",
        "route_count": 1
      }
    },
    {
      "type": "Feature",
      "geometry": {
        "type": "Point",
        "coordinates": [
          -1.52275,
          52.4364
        ]
      },
      "properties": {
        "name": "Burnaby Road",
        "campus_code": "",
        "atco_code": "43000015102",
        "sms_code": "nwmptpjt",
        "services": "15",
        "route_count": 1
      }
    },
    {
      "type": "Feature",
      "geometry": {
        "type": "Point",
        "coordinates": [
          -1.5317,
          52.38511
        ]
      },
      "properties": {
        "name": "Burnt Post",
        "campus_code": "",
        "atco_code": "43000061201",
        "sms_code": "nwmdwmtj",
        "services": "60",
        "route_count": 1
      }
    },
    {
      "type": "Feature",
      "geometry": {
        "type": "Point",
        "coordinates": [
          -1.5305,
          52.38486
        ]
      },
      "properties": {
        "name": "Burnt Post",
        "campus_code": "",
        "atco_code": "43000061202",
        "sms_code": "nwmdwmtm",
        "services": "60",
        "route_count": 1
      }
    },
    {
      "type": "Feature",
      "geometry": {
        "type": "Point",
        "coordinates": [
          -1.57206,
          52.41558
        ]
      },
      "properties": {
        "name": "Caithness Close",
        "campus_code": "",
        "atco_code": "43000073401",
        "sms_code": "nwmgadwp",
        "services": "14",
        "route_count": 1
      }
    },
    {
      "type": "Feature",
      "geometry": {
        "type": "Point",
        "coordinates": [
          -1.57198,
          52.4154
        ]
      },
      "properties": {
        "name": "Caithness Close",
        "campus_code": "",
        "atco_code": "43000073402",
        "sms_code": "nwmtjgmg",
        "services": "14, 14A",
        "route_count": 2
      }
    },
    {
      "type": "Feature",
      "geometry": {
        "type": "Point",
        "coordinates": [
          -1.44413,
          52.42153
        ]
      },
      "properties": {
        "name": "Caludon Centre",
        "campus_code": "",
        "atco_code": "43000004401",
        "sms_code": "nwmtpwtg",
        "services": "60",
        "route_count": 1
      }
    },
    {
      "type": "Feature",
      "geometry": {
        "type": "Point",
        "coordinates": [
          -1.4442,
          52.42122
        ]
      },
      "properties": {
        "name": "Caludon Centre",
        "campus_code": "",
        "atco_code": "43000004402",
        "sms_code": "nwmtpwtj",
        "services": "60",
        "route_count": 1
      }
    },
    {
      "type": "Feature",
      "geometry": {
        "type": "Point",
        "coordinates": [
          -1.49893,
          52.41872
        ]
      },
      "properties": {
        "name": "Cambridge Street",
        "campus_code": "",
        "atco_code": "43000021301",
        "sms_code": "nwmpwajt",
        "services": "21",
        "route_count": 1
      }
    },
    {
      "type": "Feature",
      "geometry": {
        "type": "Point",
        "coordinates": [
          -1.49915,
          52.41871
        ]
      },
      "properties": {
        "name": "Cambridge Street",
        "campus_code": "",
        "atco_code": "43000021302",
        "sms_code": "nwmpwajw",
        "services": "21",
        "route_count": 1
      }
    },
    {
      "type": "Feature",
      "geometry": {
        "type": "Point",
        "coordinates": [
          -1.43772,
          52.40353
        ]
      },
      "properties": {
        "name": "Camville",
        "campus_code": "",
        "atco_code": "43000134201",
        "sms_code": "nwmwgmjp",
        "services": "60",
        "route_count": 1
      }
    },
    {
      "type": "Feature",
      "geometry": {
        "type": "Point",
        "coordinates": [
          -1.4368,
          52.40365
        ]
      },
      "properties": {
        "name": "Camville",
        "campus_code": "",
        "atco_code": "43000134202",
        "sms_code": "nwmwgmjt",
        "services": "60",
        "route_count": 1
      }
    },
    {
      "type": "Feature",
      "geometry": {
        "type": "Point",
        "coordinates": [
          -1.55141,
          52.39024
        ]
      },
      "properties": {
        "name": "Canley Crematorium",
        "campus_code": "",
        "atco_code": "43000062802",
        "sms_code": "nwmdwpdm",
        "services": "60, 87",
        "route_count": 2
      }
    },
    {
      "type": "Feature",
      "geometry": {
        "type": "Point",
        "coordinates": [
          -1.54749,
          52.39072
        ]
      },
      "properties": {
        "name": "Canley Road",
        "campus_code": "",
        "atco_code": "43001061101",
        "sms_code": "nwmwagdm",
        "services": "60, 87",
        "route_count": 2
      }
    },
    {
      "type": "Feature",
      "geometry": {
        "type": "Point",
        "coordinates": [
          -1.55392,
          52.38764
        ]
      },
      "properties": {
        "name": "Cannon Park Centre",
        "campus_code": "",
        "atco_code": "43000063102",
        "sms_code": "nwmdwpgd",
        "services": "14, 60, 87",
        "route_count": 3
      }
    },
    {
      "type": "Feature",
      "geometry": {
        "type": "Point",
        "coordinates": [
          -1.53905,
          52.38786
        ]
      },
      "properties": {
        "name": "Cannon Park Road",
        "campus_code": "",
        "atco_code": "43000061601",
        "sms_code": "nwmdwmwj",
        "services": "60, 87",
        "route_count": 2
      }
    },
    {
      "type": "Feature",
      "geometry": {
        "type": "Point",
        "coordinates": [
          -1.5369,
          52.38693
        ]
      },
      "properties": {
        "name": "Cannon Park Road",
        "campus_code": "",
        "atco_code": "43000061602",
        "sms_code": "nwmdwmwm",
        "services": "60, 87",
        "route_count": 2
      }
    },
    {
      "type": "Feature",
      "geometry": {
        "type": "Point",
        "coordinates": [
          -1.51832,
          52.42815
        ]
      },
      "properties": {
        "name": "Capmartin Road",
        "campus_code": "",
        "atco_code": "43000012001",
        "sms_code": "nwmptmpw",
        "services": "15",
        "route_count": 1
      }
    },
    {
      "type": "Feature",
      "geometry": {
        "type": "Point",
        "coordinates": [
          -1.51839,
          52.42841
        ]
      },
      "properties": {
        "name": "Capmartin Road",
        "campus_code": "",
        "atco_code": "43000012002",
        "sms_code": "nwmptmta",
        "services": "15",
        "route_count": 1
      }
    },
    {
      "type": "Feature",
      "geometry": {
        "type": "Point",
        "coordinates": [
          -1.545543311,
          52.263430655
        ]
      },
      "properties": {
        "name": "Caravan Park",
        "campus_code": "",
        "atco_code": "4200F082800",
        "sms_code": "waragdma",
        "services": "U1",
        "route_count": 1
      }
    },
    {
      "type": "Feature",
      "geometry": {
        "type": "Point",
        "coordinates": [
          -1.545410251,
          52.263547018
        ]
      },
      "properties": {
        "name": "Caravan Park",
        "campus_code": "",
        "atco_code": "4200F082801",
        "sms_code": "waragdmd",
        "services": "U1",
        "route_count": 1
      }
    },
    {
      "type": "Feature",
      "geometry": {
        "type": "Point",
        "coordinates": [
          -1.75257,
          52.44755
        ]
      },
      "properties": {
        "name": "Cargo Terminal",
        "campus_code": "",
        "atco_code": "43001691001",
        "sms_code": "nwmwjama",
        "services": "X1",
        "route_count": 1
      }
    },
    {
      "type": "Feature",
      "geometry": {
        "type": "Point",
        "coordinates": [
          -1.75262,
          52.44779
        ]
      },
      "properties": {
        "name": "Cargo Terminal",
        "campus_code": "",
        "atco_code": "43001691002",
        "sms_code": "nwmdmjda",
        "services": "X1",
        "route_count": 1
      }
    },
    {
      "type": "Feature",
      "geometry": {
        "type": "Point",
        "coordinates": [
          -1.47296,
          52.38375
        ]
      },
      "properties": {
        "name": "Carnegie Close",
        "campus_code": "",
        "atco_code": "43000055102",
        "sms_code": "nwmdwjag",
        "services": "21, 60",
        "route_count": 2
      }
    },
    {
      "type": "Feature",
      "geometry": {
        "type": "Point",
        "coordinates": [
          -1.534677869,
          52.276801968
        ]
      },
      "properties": {
        "name": "Cashmore Avenue",
        "campus_code": "",
        "atco_code": "4200F206801",
        "sms_code": "waratgja",
        "services": "U1, U1A",
        "route_count": 2
      }
    },
    {
      "type": "Feature",
      "geometry": {
        "type": "Point",
        "coordinates": [
          -1.50258,
          52.3902
        ]
      },
      "properties": {
        "name": "Castle Close",
        "campus_code": "",
        "atco_code": "43000051201",
        "sms_code": "nwmdwdpj",
        "services": "60",
        "route_count": 1
      }
    },
    {
      "type": "Feature",
      "geometry": {
        "type": "Point",
        "coordinates": [
          -1.50187,
          52.39001
        ]
      },
      "properties": {
        "name": "Castle Close",
        "campus_code": "",
        "atco_code": "43000051202",
        "sms_code": "nwmdwdpm",
        "services": "60",
        "route_count": 1
      }
    },
    {
      "type": "Feature",
      "geometry": {
        "type": "Point",
        "coordinates": [
          -1.63575,
          52.38469
        ]
      },
      "properties": {
        "name": "Catchems Corner",
        "campus_code": "",
        "atco_code": "43000103201",
        "sms_code": "nwmgapma",
        "services": "87",
        "route_count": 1
      }
    },
    {
      "type": "Feature",
      "geometry": {
        "type": "Point",
        "coordinates": [
          -1.63592,
          52.38457
        ]
      },
      "properties": {
        "name": "Catchems Corner",
        "campus_code": "",
        "atco_code": "43000103202",
        "sms_code": "nwmgapmd",
        "services": "87",
        "route_count": 1
      }
    },
    {
      "type": "Feature",
      "geometry": {
        "type": "Point",
        "coordinates": [
          -1.49789,
          52.39215
        ]
      },
      "properties": {
        "name": "Cecily Road",
        "campus_code": "",
        "atco_code": "43001060301",
        "sms_code": "nwmtpjgw",
        "services": "60",
        "route_count": 1
      }
    },
    {
      "type": "Feature",
      "geometry": {
        "type": "Point",
        "coordinates": [
          -1.49791,
          52.39176
        ]
      },
      "properties": {
        "name": "Cecily Road",
        "campus_code": "",
        "atco_code": "43001060302",
        "sms_code": "nwmwamwa",
        "services": "60",
        "route_count": 1
      }
    },
    {
      "type": "Feature",
      "geometry": {
        "type": "Point",
        "coordinates": [
          -1.46676,
          52.3839
        ]
      },
      "properties": {
        "name": "Cedric Close",
        "campus_code": "",
        "atco_code": "43000055201",
        "sms_code": "nwmdwjaj",
        "services": "21, 60",
        "route_count": 2
      }
    },
    {
      "type": "Feature",
      "geometry": {
        "type": "Point",
        "coordinates": [
          -1.46633,
          52.38421
        ]
      },
      "properties": {
        "name": "Cedric Close",
        "campus_code": "",
        "atco_code": "43000055202",
        "sms_code": "nwmdwjam",
        "services": "21, 60",
        "route_count": 2
      }
    },
    {
      "type": "Feature",
      "geometry": {
        "type": "Point",
        "coordinates": [
          -1.55314,
          52.39139
        ]
      },
      "properties": {
        "name": "Centenary Road",
        "campus_code": "",
        "atco_code": "43000062401",
        "sms_code": "nwmdwpaj",
        "services": "11",
        "route_count": 1
      }
    },
    {
      "type": "Feature",
      "geometry": {
        "type": "Point",
        "coordinates": [
          -1.55287,
          52.39173
        ]
      },
      "properties": {
        "name": "Centenary Road",
        "campus_code": "",
        "atco_code": "43000062402",
        "sms_code": "nwmdwpam",
        "services": "11, 60, 87",
        "route_count": 3
      }
    },
    {
      "type": "Feature",
      "geometry": {
        "type": "Point",
        "coordinates": [
          -1.47491,
          52.38472
        ]
      },
      "properties": {
        "name": "Chace Avenue",
        "campus_code": "",
        "atco_code": "43001314601",
        "sms_code": "nwmagwpm",
        "services": "21, 60",
        "route_count": 2
      }
    },
    {
      "type": "Feature",
      "geometry": {
        "type": "Point",
        "coordinates": [
          -1.52285,
          52.44033
        ]
      },
      "properties": {
        "name": "Charlewood Road",
        "campus_code": "",
        "atco_code": "43000015301",
        "sms_code": "nwmptpmd",
        "services": "15",
        "route_count": 1
      }
    },
    {
      "type": "Feature",
      "geometry": {
        "type": "Point",
        "coordinates": [
          -1.5228,
          52.44131
        ]
      },
      "properties": {
        "name": "Charlewood Road",
        "campus_code": "",
        "atco_code": "43000015302",
        "sms_code": "nwmptpmg",
        "services": "15",
        "route_count": 1
      }
    },
    {
      "type": "Feature",
      "geometry": {
        "type": "Point",
        "coordinates": [
          -1.534494594,
          52.280307479
        ]
      },
      "properties": {
        "name": "Charlotte Street",
        "campus_code": "",
        "atco_code": "4200F144302",
        "sms_code": "waradwtd",
        "services": "U1, U1A",
        "route_count": 2
      }
    },
    {
      "type": "Feature",
      "geometry": {
        "type": "Point",
        "coordinates": [
          -1.558361436,
          52.327130645
        ]
      },
      "properties": {
        "name": "Chesford Crossroads",
        "campus_code": "",
        "atco_code": "4200F166101",
        "sms_code": "wardagdp",
        "services": "11, U1, U1A",
        "route_count": 3
      }
    },
    {
      "type": "Feature",
      "geometry": {
        "type": "Point",
        "coordinates": [
          -1.560399696,
          52.328747498
        ]
      },
      "properties": {
        "name": "Chesford Crossroads",
        "campus_code": "",
        "atco_code": "4200F166102",
        "sms_code": "wardagdt",
        "services": "11, U1, U1A",
        "route_count": 3
      }
    },
    {
      "type": "Feature",
      "geometry": {
        "type": "Point",
        "coordinates": [
          -1.50863,
          52.40148
        ]
      },
      "properties": {
        "name": "Cheylesmore House",
        "campus_code": "",
        "atco_code": "43000040001",
        "sms_code": "nwmdtpgd",
        "services": "21",
        "route_count": 1
      }
    },
    {
      "type": "Feature",
      "geometry": {
        "type": "Point",
        "coordinates": [
          -1.50866,
          52.40114
        ]
      },
      "properties": {
        "name": "Cheylesmore House",
        "campus_code": "",
        "atco_code": "43000040002",
        "sms_code": "nwmdtpgj",
        "services": "21",
        "route_count": 1
      }
    },
    {
      "type": "Feature",
      "geometry": {
        "type": "Point",
        "coordinates": [
          -1.578164645,
          52.346271263
        ]
      },
      "properties": {
        "name": "Church",
        "campus_code": "",
        "atco_code": "4200F029801",
        "sms_code": "warajwdg",
        "services": "11",
        "route_count": 1
      }
    },
    {
      "type": "Feature",
      "geometry": {
        "type": "Point",
        "coordinates": [
          -1.578546476,
          52.346254644
        ]
      },
      "properties": {
        "name": "Church",
        "campus_code": "",
        "atco_code": "4200F029802",
        "sms_code": "warajwdj",
        "services": "11",
        "route_count": 1
      }
    },
    {
      "type": "Feature",
      "geometry": {
        "type": "Point",
        "coordinates": [
          -1.59896,
          52.41953
        ]
      },
      "properties": {
        "name": "Church Lane",
        "campus_code": "",
        "atco_code": "43000075701",
        "sms_code": "nwmgagtj",
        "services": "14, 14A",
        "route_count": 2
      }
    },
    {
      "type": "Feature",
      "geometry": {
        "type": "Point",
        "coordinates": [
          -1.59907,
          52.41957
        ]
      },
      "properties": {
        "name": "Church Lane",
        "campus_code": "",
        "atco_code": "43000075702",
        "sms_code": "nwmgagtm",
        "services": "14",
        "route_count": 1
      }
    },
    {
      "type": "Feature",
      "geometry": {
        "type": "Point",
        "coordinates": [
          -1.63576,
          52.43503
        ]
      },
      "properties": {
        "name": "Church Lane",
        "campus_code": "",
        "atco_code": "43000100301",
        "sms_code": "nwmadgmp",
        "services": "X1",
        "route_count": 1
      }
    },
    {
      "type": "Feature",
      "geometry": {
        "type": "Point",
        "coordinates": [
          -1.63499,
          52.43495
        ]
      },
      "properties": {
        "name": "Church Lane",
        "campus_code": "",
        "atco_code": "43000100302",
        "sms_code": "nwmadgmt",
        "services": "X1",
        "route_count": 1
      }
    },
    {
      "type": "Feature",
      "geometry": {
        "type": "Point",
        "coordinates": [
          -1.533973999,
          52.279631151
        ]
      },
      "properties": {
        "name": "Claremont Road",
        "campus_code": "",
        "atco_code": "4200F206701",
        "sms_code": "waratgdw",
        "services": "U1, U1A",
        "route_count": 2
      }
    },
    {
      "type": "Feature",
      "geometry": {
        "type": "Point",
        "coordinates": [
          -1.535125974,
          52.294218
        ]
      },
      "properties": {
        "name": "Clarendon Avenue",
        "campus_code": "",
        "atco_code": "4200F150002",
        "sms_code": "waraptmp",
        "services": "U1, U1A",
        "route_count": 2
      }
    },
    {
      "type": "Feature",
      "geometry": {
        "type": "Point",
        "coordinates": [
          -1.575021136,
          52.338825086
        ]
      },
      "properties": {
        "name": "Clarendon Road",
        "campus_code": "",
        "atco_code": "4200F032201",
        "sms_code": "warapdwm",
        "services": "11",
        "route_count": 1
      }
    },
    {
      "type": "Feature",
      "geometry": {
        "type": "Point",
        "coordinates": [
          -1.47747,
          52.43494
        ]
      },
      "properties": {
        "name": "Clark Street",
        "campus_code": "",
        "atco_code": "43000025201",
        "sms_code": "nwmpwdmt",
        "services": "21",
        "route_count": 1
      }
    },
    {
      "type": "Feature",
      "geometry": {
        "type": "Point",
        "coordinates": [
          -1.47741,
          52.43512
        ]
      },
      "properties": {
        "name": "Clark Street",
        "campus_code": "",
        "atco_code": "43000025202",
        "sms_code": "nwmtjmgd",
        "services": "21",
        "route_count": 1
      }
    },
    {
      "type": "Feature",
      "geometry": {
        "type": "Point",
        "coordinates": [
          -1.77947,
          52.45168
        ]
      },
      "properties": {
        "name": "Coalway Avenue",
        "campus_code": "",
        "atco_code": "43000448101",
        "sms_code": "nwmdaptm",
        "services": "X1",
        "route_count": 1
      }
    },
    {
      "type": "Feature",
      "geometry": {
        "type": "Point",
        "coordinates": [
          -1.77986,
          52.45149
        ]
      },
      "properties": {
        "name": "Coalway Avenue",
        "campus_code": "",
        "atco_code": "43000448102",
        "sms_code": "nwmdaptp",
        "services": "X1",
        "route_count": 1
      }
    },
    {
      "type": "Feature",
      "geometry": {
        "type": "Point",
        "coordinates": [
          -1.50513,
          52.40943
        ]
      },
      "properties": {
        "name": "Code Building",
        "campus_code": "",
        "atco_code": "43000006301",
        "sms_code": "nwmptjpd",
        "services": "11, 12X",
        "route_count": 2
      }
    },
    {
      "type": "Feature",
      "geometry": {
        "type": "Point",
        "coordinates": [
          -1.567250988,
          52.357478588
        ]
      },
      "properties": {
        "name": "Common Lane",
        "campus_code": "",
        "atco_code": "4200F030600",
        "sms_code": "waragtjd",
        "services": "11",
        "route_count": 1
      }
    },
    {
      "type": "Feature",
      "geometry": {
        "type": "Point",
        "coordinates": [
          -1.43754,
          52.40496
        ]
      },
      "properties": {
        "name": "Coombe Court",
        "campus_code": "",
        "atco_code": "43000134002",
        "sms_code": "nwmwapwt",
        "services": "60",
        "route_count": 1
      }
    },
    {
      "type": "Feature",
      "geometry": {
        "type": "Point",
        "coordinates": [
          -1.44497,
          52.40569
        ]
      },
      "properties": {
        "name": "Coombe Park Road",
        "campus_code": "",
        "atco_code": "43000045101",
        "sms_code": "nwmdwajg",
        "services": "60",
        "route_count": 1
      }
    },
    {
      "type": "Feature",
      "geometry": {
        "type": "Point",
        "coordinates": [
          -1.44491,
          52.40512
        ]
      },
      "properties": {
        "name": "Coombe Park Road",
        "campus_code": "",
        "atco_code": "43000045102",
        "sms_code": "nwmdwajm",
        "services": "60",
        "route_count": 1
      }
    },
    {
      "type": "Feature",
      "geometry": {
        "type": "Point",
        "coordinates": [
          -1.51355,
          52.40488
        ]
      },
      "properties": {
        "name": "Copper Towers",
        "campus_code": "",
        "atco_code": "43000002501",
        "sms_code": "nwmtmtpj",
        "services": "21",
        "route_count": 1
      }
    },
    {
      "type": "Feature",
      "geometry": {
        "type": "Point",
        "coordinates": [
          -1.538638155,
          52.268042917
        ]
      },
      "properties": {
        "name": "Coriolanus Square",
        "campus_code": "",
        "atco_code": "4200F143801",
        "sms_code": "waradwpa",
        "services": "U1",
        "route_count": 1
      }
    },
    {
      "type": "Feature",
      "geometry": {
        "type": "Point",
        "coordinates": [
          -1.538494141,
          52.267799615
        ]
      },
      "properties": {
        "name": "Coriolanus Square",
        "campus_code": "",
        "atco_code": "4200F143802",
        "sms_code": "waradwpd",
        "services": "U1",
        "route_count": 1
      }
    },
    {
      "type": "Feature",
      "geometry": {
        "type": "Point",
        "coordinates": [
          -1.50344,
          52.39662
        ]
      },
      "properties": {
        "name": "Cornelius Street",
        "campus_code": "",
        "atco_code": "43001059202",
        "sms_code": "nwmpjmtw",
        "services": "21",
        "route_count": 1
      }
    },
    {
      "type": "Feature",
      "geometry": {
        "type": "Point",
        "coordinates": [
          -1.50354,
          52.3967
        ]
      },
      "properties": {
        "name": "Cornelius Street",
        "campus_code": "",
        "atco_code": "43001059203",
        "sms_code": "nwmwawmg",
        "services": "21",
        "route_count": 1
      }
    },
    {
      "type": "Feature",
      "geometry": {
        "type": "Point",
        "coordinates": [
          -1.48057,
          52.43197
        ]
      },
      "properties": {
        "name": "Courthouse Green School",
        "campus_code": "",
        "atco_code": "43000007902",
        "sms_code": "nwmptamw",
        "services": "60",
        "route_count": 1
      }
    },
    {
      "type": "Feature",
      "geometry": {
        "type": "Point",
        "coordinates": [
          -1.48036,
          52.43189
        ]
      },
      "properties": {
        "name": "Courthouse Green School",
        "campus_code": "",
        "atco_code": "43000007903",
        "sms_code": "nwmpwpmj",
        "services": "60",
        "route_count": 1
      }
    },
    {
      "type": "Feature",
      "geometry": {
        "type": "Point",
        "coordinates": [
          -1.50443,
          52.4142
        ]
      },
      "properties": {
        "name": "Coventry College",
        "campus_code": "",
        "atco_code": "43000005303",
        "sms_code": "nwmptjmp",
        "services": "21",
        "route_count": 1
      }
    },
    {
      "type": "Feature",
      "geometry": {
        "type": "Point",
        "coordinates": [
          -1.562589586,
          52.361138432
        ]
      },
      "properties": {
        "name": "Crackley",
        "campus_code": "",
        "atco_code": "4200F030601",
        "sms_code": "wardamam",
        "services": "11",
        "route_count": 1
      }
    },
    {
      "type": "Feature",
      "geometry": {
        "type": "Point",
        "coordinates": [
          -1.4505,
          52.38979
        ]
      },
      "properties": {
        "name": "Craigends Avenue",
        "campus_code": "",
        "atco_code": "43000046701",
        "sms_code": "nwmdwawg",
        "services": "60",
        "route_count": 1
      }
    },
    {
      "type": "Feature",
      "geometry": {
        "type": "Point",
        "coordinates": [
          -1.45047,
          52.38966
        ]
      },
      "properties": {
        "name": "Craigends Avenue",
        "campus_code": "",
        "atco_code": "43000046702",
        "sms_code": "nwmdwawj",
        "services": "60",
        "route_count": 1
      }
    },
    {
      "type": "Feature",
      "geometry": {
        "type": "Point",
        "coordinates": [
          -1.53102,
          52.40843
        ]
      },
      "properties": {
        "name": "Craven Street",
        "campus_code": "",
        "atco_code": "43000070301",
        "sms_code": "nwmdwtpm",
        "services": "14",
        "route_count": 1
      }
    },
    {
      "type": "Feature",
      "geometry": {
        "type": "Point",
        "coordinates": [
          -1.53128,
          52.40828
        ]
      },
      "properties": {
        "name": "Craven Street",
        "campus_code": "",
        "atco_code": "43000070302",
        "sms_code": "nwmdwtpt",
        "services": "14, 14A",
        "route_count": 2
      }
    },
    {
      "type": "Feature",
      "geometry": {
        "type": "Point",
        "coordinates": [
          -1.51584,
          52.40715
        ]
      },
      "properties": {
        "name": "Croft Road",
        "campus_code": "",
        "atco_code": "43001006501",
        "sms_code": "nwmwgmtd",
        "services": "21, 87",
        "route_count": 2
      }
    },
    {
      "type": "Feature",
      "geometry": {
        "type": "Point",
        "coordinates": [
          -1.51554,
          52.40701
        ]
      },
      "properties": {
        "name": "Croft Road",
        "campus_code": "",
        "atco_code": "43001006502",
        "sms_code": "nwmwgmtg",
        "services": "11, 21, 87",
        "route_count": 3
      }
    },
    {
      "type": "Feature",
      "geometry": {
        "type": "Point",
        "coordinates": [
          -1.606159338,
          52.380926111
        ]
      },
      "properties": {
        "name": "Cromwell Lane",
        "campus_code": "",
        "atco_code": "4200F013800",
        "sms_code": "waramptd",
        "services": "87",
        "route_count": 1
      }
    },
    {
      "type": "Feature",
      "geometry": {
        "type": "Point",
        "coordinates": [
          -1.59805,
          52.3893
        ]
      },
      "properties": {
        "name": "Cromwell Lane",
        "campus_code": "",
        "atco_code": "43000067901",
        "sms_code": "nwmdwtjt",
        "services": "87",
        "route_count": 1
      }
    },
    {
      "type": "Feature",
      "geometry": {
        "type": "Point",
        "coordinates": [
          -1.59837,
          52.38927
        ]
      },
      "properties": {
        "name": "Cromwell Lane",
        "campus_code": "",
        "atco_code": "43000067902",
        "sms_code": "nwmdwtjw",
        "services": "87",
        "route_count": 1
      }
    },
    {
      "type": "Feature",
      "geometry": {
        "type": "Point",
        "coordinates": [
          -1.51083,
          52.40994
        ]
      },
      "properties": {
        "name": "Cross Cheaping",
        "campus_code": "",
        "atco_code": "43000001203",
        "sms_code": "nwmdptjm",
        "services": "X1",
        "route_count": 1
      }
    },
    {
      "type": "Feature",
      "geometry": {
        "type": "Point",
        "coordinates": [
          -1.51093,
          52.41017
        ]
      },
      "properties": {
        "name": "Cross Cheaping",
        "campus_code": "",
        "atco_code": "43000001204",
        "sms_code": "nwmdptjp",
        "services": "15",
        "route_count": 1
      }
    },
    {
      "type": "Feature",
      "geometry": {
        "type": "Point",
        "coordinates": [
          -1.532975665,
          52.283969542
        ]
      },
      "properties": {
        "name": "Crown Hotel",
        "campus_code": "",
        "atco_code": "4200F036100",
        "sms_code": "wardamgj",
        "services": "11, U1, U1A",
        "route_count": 3
      }
    },
    {
      "type": "Feature",
      "geometry": {
        "type": "Point",
        "coordinates": [
          -1.55267,
          52.368
        ]
      },
      "properties": {
        "name": "Cryfield Grange Road",
        "campus_code": "",
        "atco_code": "43000097301",
        "sms_code": "nwmtdwaw",
        "services": "11",
        "route_count": 1
      }
    },
    {
      "type": "Feature",
      "geometry": {
        "type": "Point",
        "coordinates": [
          -1.55276,
          52.36775
        ]
      },
      "properties": {
        "name": "Cryfield Grange Road",
        "campus_code": "",
        "atco_code": "43000097302",
        "sms_code": "nwmtdwda",
        "services": "11",
        "route_count": 1
      }
    },
    {
      "type": "Feature",
      "geometry": {
        "type": "Point",
        "coordinates": [
          -1.50766,
          52.40293
        ]
      },
      "properties": {
        "name": "Cycle Works",
        "campus_code": "",
        "atco_code": "43000051002",
        "sms_code": "nwmdwdmw",
        "services": "21",
        "route_count": 1
      }
    },
    {
      "type": "Feature",
      "geometry": {
        "type": "Point",
        "coordinates": [
          -1.50761,
          52.40315
        ]
      },
      "properties": {
        "name": "Cycle Works",
        "campus_code": "",
        "atco_code": "43000051004",
        "sms_code": "nwmdwdpa",
        "services": "21",
        "route_count": 1
      }
    },
    {
      "type": "Feature",
      "geometry": {
        "type": "Point",
        "coordinates": [
          -1.89319,
          52.48042
        ]
      },
      "properties": {
        "name": "Dale House",
        "campus_code": "",
        "atco_code": "43000206501",
        "sms_code": "nwmwgmjg",
        "services": "X1",
        "route_count": 1
      }
    },
    {
      "type": "Feature",
      "geometry": {
        "type": "Point",
        "coordinates": [
          -1.59603,
          52.39285
        ]
      },
      "properties": {
        "name": "Dalmeny Road",
        "campus_code": "",
        "atco_code": "43000068201",
        "sms_code": "nwmdwtmj",
        "services": "14, 14A",
        "route_count": 2
      }
    },
    {
      "type": "Feature",
      "geometry": {
        "type": "Point",
        "coordinates": [
          -1.59477,
          52.39265
        ]
      },
      "properties": {
        "name": "Dalmeny Road",
        "campus_code": "",
        "atco_code": "43000068202",
        "sms_code": "nwmtpmpd",
        "services": "14",
        "route_count": 1
      }
    },
    {
      "type": "Feature",
      "geometry": {
        "type": "Point",
        "coordinates": [
          -1.44626,
          52.4165
        ]
      },
      "properties": {
        "name": "Dalton Gardens",
        "campus_code": "",
        "atco_code": "43000003503",
        "sms_code": "nwmptjmg",
        "services": "60",
        "route_count": 1
      }
    },
    {
      "type": "Feature",
      "geometry": {
        "type": "Point",
        "coordinates": [
          -1.44667,
          52.41658
        ]
      },
      "properties": {
        "name": "Dalton Gardens",
        "campus_code": "",
        "atco_code": "43000003504",
        "sms_code": "nwmptjmj",
        "services": "60",
        "route_count": 1
      }
    },
    {
      "type": "Feature",
      "geometry": {
        "type": "Point",
        "coordinates": [
          -1.51894,
          52.39566
        ]
      },
      "properties": {
        "name": "Davenport Road",
        "campus_code": "",
        "atco_code": "43000061001",
        "sms_code": "nwmdwmpt",
        "services": "12X, 87",
        "route_count": 2
      }
    },
    {
      "type": "Feature",
      "geometry": {
        "type": "Point",
        "coordinates": [
          -1.51974,
          52.39538
        ]
      },
      "properties": {
        "name": "Davenport Road",
        "campus_code": "",
        "atco_code": "43000061002",
        "sms_code": "nwmdwmpw",
        "services": "12X, 87",
        "route_count": 2
      }
    },
    {
      "type": "Feature",
      "geometry": {
        "type": "Point",
        "coordinates": [
          -1.47414,
          52.42371
        ]
      },
      "properties": {
        "name": "Dennis Road",
        "campus_code": "",
        "atco_code": "43001036601",
        "sms_code": "nwmtjatg",
        "services": "60",
        "route_count": 1
      }
    },
    {
      "type": "Feature",
      "geometry": {
        "type": "Point",
        "coordinates": [
          -1.47376,
          52.42339
        ]
      },
      "properties": {
        "name": "Dennis Road",
        "campus_code": "",
        "atco_code": "43001036602",
        "sms_code": "nwmtjatj",
        "services": "60",
        "route_count": 1
      }
    },
    {
      "type": "Feature",
      "geometry": {
        "type": "Point",
        "coordinates": [
          -1.59365,
          52.41884
        ]
      },
      "properties": {
        "name": "Despard Road",
        "campus_code": "",
        "atco_code": "43000075601",
        "sms_code": "nwmgagtd",
        "services": "14",
        "route_count": 1
      }
    },
    {
      "type": "Feature",
      "geometry": {
        "type": "Point",
        "coordinates": [
          -1.59432,
          52.41881
        ]
      },
      "properties": {
        "name": "Despard Road",
        "campus_code": "",
        "atco_code": "43000075602",
        "sms_code": "nwmgagtg",
        "services": "14, 14A",
        "route_count": 2
      }
    },
    {
      "type": "Feature",
      "geometry": {
        "type": "Point",
        "coordinates": [
          -1.50771,
          52.38786
        ]
      },
      "properties": {
        "name": "Dillotford Avenue Substation",
        "campus_code": "",
        "atco_code": "43000057601",
        "sms_code": "nwmdwjwj",
        "services": "60",
        "route_count": 1
      }
    },
    {
      "type": "Feature",
      "geometry": {
        "type": "Point",
        "coordinates": [
          -1.508,
          52.3879
        ]
      },
      "properties": {
        "name": "Dillotford Avenue Substation",
        "campus_code": "",
        "atco_code": "43000057602",
        "sms_code": "nwmdwjwm",
        "services": "60",
        "route_count": 1
      }
    },
    {
      "type": "Feature",
      "geometry": {
        "type": "Point",
        "coordinates": [
          -1.44648,
          52.41945
        ]
      },
      "properties": {
        "name": "Dorchester Way",
        "campus_code": "",
        "atco_code": "43000035301",
        "sms_code": "nwmdtmgd",
        "services": "60",
        "route_count": 1
      }
    },
    {
      "type": "Feature",
      "geometry": {
        "type": "Point",
        "coordinates": [
          -1.535144724,
          52.28822153
        ]
      },
      "properties": {
        "name": "Dormer Place",
        "campus_code": "",
        "atco_code": "4200F226501",
        "sms_code": "wardawdg",
        "services": "11, U1, U1A",
        "route_count": 3
      }
    },
    {
      "type": "Feature",
      "geometry": {
        "type": "Point",
        "coordinates": [
          -1.48291,
          52.43653
        ]
      },
      "properties": {
        "name": "Dudley Street",
        "campus_code": "",
        "atco_code": "43000049201",
        "sms_code": "nwmtmjdm",
        "services": "60",
        "route_count": 1
      }
    },
    {
      "type": "Feature",
      "geometry": {
        "type": "Point",
        "coordinates": [
          -1.48311,
          52.43699
        ]
      },
      "properties": {
        "name": "Dudley Street",
        "campus_code": "",
        "atco_code": "43000049202",
        "sms_code": "nwmtmjmw",
        "services": "60",
        "route_count": 1
      }
    },
    {
      "type": "Feature",
      "geometry": {
        "type": "Point",
        "coordinates": [
          -1.55192,
          52.41971
        ]
      },
      "properties": {
        "name": "Dulverton Avenue",
        "campus_code": "",
        "atco_code": "43000084101",
        "sms_code": "nwmadgap",
        "services": "X1",
        "route_count": 1
      }
    },
    {
      "type": "Feature",
      "geometry": {
        "type": "Point",
        "coordinates": [
          -1.55135,
          52.41968
        ]
      },
      "properties": {
        "name": "Dulverton Avenue",
        "campus_code": "",
        "atco_code": "43000084102",
        "sms_code": "nwmadgat",
        "services": "X1",
        "route_count": 1
      }
    },
    {
      "type": "Feature",
      "geometry": {
        "type": "Point",
        "coordinates": [
          -1.65392,
          52.39079
        ]
      },
      "properties": {
        "name": "Dunchurch Close",
        "campus_code": "",
        "atco_code": "43000103701",
        "sms_code": "nwmadgwa",
        "services": "87",
        "route_count": 1
      }
    },
    {
      "type": "Feature",
      "geometry": {
        "type": "Point",
        "coordinates": [
          -1.65402,
          52.39085
        ]
      },
      "properties": {
        "name": "Dunchurch Close",
        "campus_code": "",
        "atco_code": "43000103702",
        "sms_code": "nwmadgwd",
        "services": "87",
        "route_count": 1
      }
    },
    {
      "type": "Feature",
      "geometry": {
        "type": "Point",
        "coordinates": [
          -1.50139,
          52.41706
        ]
      },
      "properties": {
        "name": "Eagle St East",
        "campus_code": "",
        "atco_code": "43000021201",
        "sms_code": "nwmpwajm",
        "services": "21",
        "route_count": 1
      }
    },
    {
      "type": "Feature",
      "geometry": {
        "type": "Point",
        "coordinates": [
          -1.50177,
          52.41661
        ]
      },
      "properties": {
        "name": "Eagle St East",
        "campus_code": "",
        "atco_code": "43000021202",
        "sms_code": "nwmpwajp",
        "services": "21",
        "route_count": 1
      }
    },
    {
      "type": "Feature",
      "geometry": {
        "type": "Point",
        "coordinates": [
          -1.50596,
          52.40662
        ]
      },
      "properties": {
        "name": "Earl Street",
        "campus_code": "",
        "atco_code": "43009012501",
        "sms_code": "nwmwgwpt",
        "services": "12X",
        "route_count": 1
      }
    },
    {
      "type": "Feature",
      "geometry": {
        "type": "Point",
        "coordinates": [
          -1.52405,
          52.39452
        ]
      },
      "properties": {
        "name": "Earlsdon Avenue South",
        "campus_code": "",
        "atco_code": "43000060301",
        "sms_code": "nwmdwmgw",
        "services": "12X, 87",
        "route_count": 2
      }
    },
    {
      "type": "Feature",
      "geometry": {
        "type": "Point",
        "coordinates": [
          -1.5257,
          52.39403
        ]
      },
      "properties": {
        "name": "Earlsdon Avenue South",
        "campus_code": "",
        "atco_code": "43000060302",
        "sms_code": "nwmdwmja",
        "services": "12X, 87",
        "route_count": 2
      }
    },
    {
      "type": "Feature",
      "geometry": {
        "type": "Point",
        "coordinates": [
          -1.53052,
          52.40025
        ]
      },
      "properties": {
        "name": "Earlsdon Library",
        "campus_code": "",
        "atco_code": "43001051501",
        "sms_code": "nwmpjmjt",
        "services": "11",
        "route_count": 1
      }
    },
    {
      "type": "Feature",
      "geometry": {
        "type": "Point",
        "coordinates": [
          -1.48881,
          52.42865
        ]
      },
      "properties": {
        "name": "Eden Street",
        "campus_code": "",
        "atco_code": "43000023301",
        "sms_code": "nwmpwawm",
        "services": "21",
        "route_count": 1
      }
    },
    {
      "type": "Feature",
      "geometry": {
        "type": "Point",
        "coordinates": [
          -1.48874,
          52.42851
        ]
      },
      "properties": {
        "name": "Eden Street",
        "campus_code": "",
        "atco_code": "43000023302",
        "sms_code": "nwmpwawp",
        "services": "21",
        "route_count": 1
      }
    },
    {
      "type": "Feature",
      "geometry": {
        "type": "Point",
        "coordinates": [
          -1.61116,
          52.38568
        ]
      },
      "properties": {
        "name": "Electricity Station",
        "campus_code": "",
        "atco_code": "43000102401",
        "sms_code": "nwmgapgm",
        "services": "87",
        "route_count": 1
      }
    },
    {
      "type": "Feature",
      "geometry": {
        "type": "Point",
        "coordinates": [
          -1.61135,
          52.3857
        ]
      },
      "properties": {
        "name": "Electricity Station",
        "campus_code": "",
        "atco_code": "43000102402",
        "sms_code": "nwmgapgp",
        "services": "87",
        "route_count": 1
      }
    },
    {
      "type": "Feature",
      "geometry": {
        "type": "Point",
        "coordinates": [
          -1.48253,
          52.43429
        ]
      },
      "properties": {
        "name": "Elkington Street",
        "campus_code": "",
        "atco_code": "43000027001",
        "sms_code": "nwmpwgdg",
        "services": "60",
        "route_count": 1
      }
    },
    {
      "type": "Feature",
      "geometry": {
        "type": "Point",
        "coordinates": [
          -1.48279,
          52.43462
        ]
      },
      "properties": {
        "name": "Elkington Street",
        "campus_code": "",
        "atco_code": "43000027002",
        "sms_code": "nwmpwgdj",
        "services": "60",
        "route_count": 1
      }
    },
    {
      "type": "Feature",
      "geometry": {
        "type": "Point",
        "coordinates": [
          -1.51334,
          52.41716
        ]
      },
      "properties": {
        "name": "Ellys Road",
        "campus_code": "",
        "atco_code": "43000010101",
        "sms_code": "nwmptjwt",
        "services": "15",
        "route_count": 1
      }
    },
    {
      "type": "Feature",
      "geometry": {
        "type": "Point",
        "coordinates": [
          -1.51345,
          52.4173
        ]
      },
      "properties": {
        "name": "Ellys Road",
        "campus_code": "",
        "atco_code": "43000010102",
        "sms_code": "nwmptmad",
        "services": "15",
        "route_count": 1
      }
    },
    {
      "type": "Feature",
      "geometry": {
        "type": "Point",
        "coordinates": [
          -1.64999,
          52.3912
        ]
      },
      "properties": {
        "name": "Elmwood Close",
        "campus_code": "",
        "atco_code": "43000112601",
        "sms_code": "nwmadjwj",
        "services": "87",
        "route_count": 1
      }
    },
    {
      "type": "Feature",
      "geometry": {
        "type": "Point",
        "coordinates": [
          -1.53017,
          52.39953
        ]
      },
      "properties": {
        "name": "Elsie Jones House",
        "campus_code": "",
        "atco_code": "43001051002",
        "sms_code": "nwmpjmjp",
        "services": "11",
        "route_count": 1
      }
    },
    {
      "type": "Feature",
      "geometry": {
        "type": "Point",
        "coordinates": [
          -1.59569,
          52.40325
        ]
      },
      "properties": {
        "name": "Ensign Close",
        "campus_code": "",
        "atco_code": "43001772001",
        "sms_code": "nwmapdag",
        "services": "14",
        "route_count": 1
      }
    },
    {
      "type": "Feature",
      "geometry": {
        "type": "Point",
        "coordinates": [
          -1.49867,
          52.38837
        ]
      },
      "properties": {
        "name": "Eric Inott House",
        "campus_code": "",
        "atco_code": "43000051301",
        "sms_code": "nwmdwdpt",
        "services": "60",
        "route_count": 1
      }
    },
    {
      "type": "Feature",
      "geometry": {
        "type": "Point",
        "coordinates": [
          -1.49766,
          52.39054
        ]
      },
      "properties": {
        "name": "Esher Drive",
        "campus_code": "",
        "atco_code": "43001101901",
        "sms_code": "nwmtwamj",
        "services": "60",
        "route_count": 1
      }
    },
    {
      "type": "Feature",
      "geometry": {
        "type": "Point",
        "coordinates": [
          -1.49738,
          52.39051
        ]
      },
      "properties": {
        "name": "Esher Drive",
        "campus_code": "",
        "atco_code": "43001101902",
        "sms_code": "nwmtwapd",
        "services": "60",
        "route_count": 1
      }
    },
    {
      "type": "Feature",
      "geometry": {
        "type": "Point",
        "coordinates": [
          -1.57404,
          52.41031
        ]
      },
      "properties": {
        "name": "Ettington Road",
        "campus_code": "",
        "atco_code": "43001071603",
        "sms_code": "nwmpjpdg",
        "services": "14, 14A",
        "route_count": 2
      }
    },
    {
      "type": "Feature",
      "geometry": {
        "type": "Point",
        "coordinates": [
          -1.74717,
          52.44629
        ]
      },
      "properties": {
        "name": "Falcon Way",
        "campus_code": "",
        "atco_code": "43000095601",
        "sms_code": "nwmwjamd",
        "services": "X1",
        "route_count": 1
      }
    },
    {
      "type": "Feature",
      "geometry": {
        "type": "Point",
        "coordinates": [
          -1.7472,
          52.44626
        ]
      },
      "properties": {
        "name": "Falcon Way",
        "campus_code": "",
        "atco_code": "43000095602",
        "sms_code": "nwmwjamg",
        "services": "X1",
        "route_count": 1
      }
    },
    {
      "type": "Feature",
      "geometry": {
        "type": "Point",
        "coordinates": [
          -1.59527,
          52.41363
        ]
      },
      "properties": {
        "name": "Farcroft Avenue",
        "campus_code": "",
        "atco_code": "43000075302",
        "sms_code": "nwmgagpj",
        "services": "14, 14A",
        "route_count": 2
      }
    },
    {
      "type": "Feature",
      "geometry": {
        "type": "Point",
        "coordinates": [
          -1.45975,
          52.41638
        ]
      },
      "properties": {
        "name": "Farren Road",
        "campus_code": "",
        "atco_code": "43001036301",
        "sms_code": "nwmtwpwa",
        "services": "60",
        "route_count": 1
      }
    },
    {
      "type": "Feature",
      "geometry": {
        "type": "Point",
        "coordinates": [
          -1.570973602,
          52.335439128
        ]
      },
      "properties": {
        "name": "Ferndale Drive",
        "campus_code": "",
        "atco_code": "4200F109301",
        "sms_code": "warajpjm",
        "services": "11",
        "route_count": 1
      }
    },
    {
      "type": "Feature",
      "geometry": {
        "type": "Point",
        "coordinates": [
          -1.570810083,
          52.3356543
        ]
      },
      "properties": {
        "name": "Ferndale Drive",
        "campus_code": "",
        "atco_code": "4200F109302",
        "sms_code": "wardjmga",
        "services": "11",
        "route_count": 1
      }
    },
    {
      "type": "Feature",
      "geometry": {
        "type": "Point",
        "coordinates": [
          -1.54831,
          52.39016
        ]
      },
      "properties": {
        "name": "Fletchamstead Highway",
        "campus_code": "",
        "atco_code": "43000062701",
        "sms_code": "nwmdwpda",
        "services": "60, 87",
        "route_count": 2
      }
    },
    {
      "type": "Feature",
      "geometry": {
        "type": "Point",
        "coordinates": [
          -1.53562,
          52.38567
        ]
      },
      "properties": {
        "name": "Fletchamstead Highway",
        "campus_code": "",
        "atco_code": "43001064004",
        "sms_code": "nwmpjpam",
        "services": "12X",
        "route_count": 1
      }
    },
    {
      "type": "Feature",
      "geometry": {
        "type": "Point",
        "coordinates": [
          -1.4915,
          52.43771
        ]
      },
      "properties": {
        "name": "Foleshill Road",
        "campus_code": "",
        "atco_code": "43001024101",
        "sms_code": "nwmwatag",
        "services": "60",
        "route_count": 1
      }
    },
    {
      "type": "Feature",
      "geometry": {
        "type": "Point",
        "coordinates": [
          -1.49147,
          52.43777
        ]
      },
      "properties": {
        "name": "Foleshill Road",
        "campus_code": "",
        "atco_code": "43001024102",
        "sms_code": "nwmwataj",
        "services": "60",
        "route_count": 1
      }
    },
    {
      "type": "Feature",
      "geometry": {
        "type": "Point",
        "coordinates": [
          -1.46899,
          52.42023
        ]
      },
      "properties": {
        "name": "Forknell Avenue",
        "campus_code": "",
        "atco_code": "43000032303",
        "sms_code": "nwmdtgwa",
        "services": "60",
        "route_count": 1
      }
    },
    {
      "type": "Feature",
      "geometry": {
        "type": "Point",
        "coordinates": [
          -1.50297,
          52.41583
        ]
      },
      "properties": {
        "name": "Frank Walsh House",
        "campus_code": "",
        "atco_code": "43000021101",
        "sms_code": "nwmpwajg",
        "services": "21",
        "route_count": 1
      }
    },
    {
      "type": "Feature",
      "geometry": {
        "type": "Point",
        "coordinates": [
          -1.50555,
          52.40082
        ]
      },
      "properties": {
        "name": "Furlong Road",
        "campus_code": "",
        "atco_code": "43000050001",
        "sms_code": "nwmdwdgj",
        "services": "21",
        "route_count": 1
      }
    },
    {
      "type": "Feature",
      "geometry": {
        "type": "Point",
        "coordinates": [
          -1.50509,
          52.40022
        ]
      },
      "properties": {
        "name": "Furlong Road",
        "campus_code": "",
        "atco_code": "43000050002",
        "sms_code": "nwmdwdgm",
        "services": "21",
        "route_count": 1
      }
    },
    {
      "type": "Feature",
      "geometry": {
        "type": "Point",
        "coordinates": [
          -1.44445,
          52.40944
        ]
      },
      "properties": {
        "name": "Gainford Rise",
        "campus_code": "",
        "atco_code": "43000045301",
        "sms_code": "nwmdwajw",
        "services": "60",
        "route_count": 1
      }
    },
    {
      "type": "Feature",
      "geometry": {
        "type": "Point",
        "coordinates": [
          -1.44435,
          52.41033
        ]
      },
      "properties": {
        "name": "Gainford Rise",
        "campus_code": "",
        "atco_code": "43000045302",
        "sms_code": "nwmdwama",
        "services": "60",
        "route_count": 1
      }
    },
    {
      "type": "Feature",
      "geometry": {
        "type": "Point",
        "coordinates": [
          -1.50386,
          52.39465
        ]
      },
      "properties": {
        "name": "Galey's Road",
        "campus_code": "",
        "atco_code": "43000050501",
        "sms_code": "nwmdwdjm",
        "services": "21",
        "route_count": 1
      }
    },
    {
      "type": "Feature",
      "geometry": {
        "type": "Point",
        "coordinates": [
          -1.504,
          52.39469
        ]
      },
      "properties": {
        "name": "Galey's Road",
        "campus_code": "",
        "atco_code": "43000050502",
        "sms_code": "nwmdwdjp",
        "services": "21",
        "route_count": 1
      }
    },
    {
      "type": "Feature",
      "geometry": {
        "type": "Point",
        "coordinates": [
          -1.549508024,
          52.26547766
        ]
      },
      "properties": {
        "name": "Garrett Drive",
        "campus_code": "",
        "atco_code": "4200F082803",
        "sms_code": "wardpgjm",
        "services": "U1",
        "route_count": 1
      }
    },
    {
      "type": "Feature",
      "geometry": {
        "type": "Point",
        "coordinates": [
          -1.55585,
          52.37464
        ]
      },
      "properties": {
        "name": "Gibbet Hill Campus",
        "campus_code": "GH6",
        "atco_code": "43000119601",
        "sms_code": "nwmgawga",
        "services": "11, 12X, U1, U1A",
        "route_count": 4
      }
    },
    {
      "type": "Feature",
      "geometry": {
        "type": "Point",
        "coordinates": [
          -1.55391,
          52.37425
        ]
      },
      "properties": {
        "name": "Gibbet Hill Campus",
        "campus_code": "GH5",
        "atco_code": "43000119602",
        "sms_code": "nwmgawgd",
        "services": "11, 12X, U1, U1A",
        "route_count": 4
      }
    },
    {
      "type": "Feature",
      "geometry": {
        "type": "Point",
        "coordinates": [
          -1.56831,
          52.38461
        ]
      },
      "properties": {
        "name": "Gibbet Hill Road",
        "campus_code": "",
        "atco_code": "43000000803",
        "sms_code": "nwmptjgt",
        "services": "87",
        "route_count": 1
      }
    },
    {
      "type": "Feature",
      "geometry": {
        "type": "Point",
        "coordinates": [
          -1.56923,
          52.38454
        ]
      },
      "properties": {
        "name": "Gibbet Hill Road",
        "campus_code": "",
        "atco_code": "43000000804",
        "sms_code": "nwmptjgw",
        "services": "87",
        "route_count": 1
      }
    },
    {
      "type": "Feature",
      "geometry": {
        "type": "Point",
        "coordinates": [
          -1.76789,
          52.45134
        ]
      },
      "properties": {
        "name": "Glencroft Road",
        "campus_code": "",
        "atco_code": "43000448304",
        "sms_code": "nwmdapwj",
        "services": "X1",
        "route_count": 1
      }
    },
    {
      "type": "Feature",
      "geometry": {
        "type": "Point",
        "coordinates": [
          -1.55069,
          52.40898
        ]
      },
      "properties": {
        "name": "Glendower Avenue",
        "campus_code": "",
        "atco_code": "43000070901",
        "sms_code": "nwmgadaj",
        "services": "14, 14A",
        "route_count": 2
      }
    },
    {
      "type": "Feature",
      "geometry": {
        "type": "Point",
        "coordinates": [
          -1.55008,
          52.40881
        ]
      },
      "properties": {
        "name": "Glendower Avenue",
        "campus_code": "",
        "atco_code": "43000070902",
        "sms_code": "nwmgadam",
        "services": "14",
        "route_count": 1
      }
    },
    {
      "type": "Feature",
      "geometry": {
        "type": "Point",
        "coordinates": [
          -1.72402,
          52.38658
        ]
      },
      "properties": {
        "name": "Golden End Drive",
        "campus_code": "",
        "atco_code": "43001326901",
        "sms_code": "nwmwtwpg",
        "services": "87",
        "route_count": 1
      }
    },
    {
      "type": "Feature",
      "geometry": {
        "type": "Point",
        "coordinates": [
          -1.72342,
          52.38662
        ]
      },
      "properties": {
        "name": "Golden End Drive",
        "campus_code": "",
        "atco_code": "43001326902",
        "sms_code": "nwmwtwpd",
        "services": "87",
        "route_count": 1
      }
    },
    {
      "type": "Feature",
      "geometry": {
        "type": "Point",
        "coordinates": [
          -1.59261,
          52.41506
        ]
      },
      "properties": {
        "name": "Goldthorn Close",
        "campus_code": "",
        "atco_code": "43000077401",
        "sms_code": "nwmgajgj",
        "services": "14, 14A",
        "route_count": 2
      }
    },
    {
      "type": "Feature",
      "geometry": {
        "type": "Point",
        "coordinates": [
          -1.59273,
          52.41502
        ]
      },
      "properties": {
        "name": "Goldthorn Close",
        "campus_code": "",
        "atco_code": "43000077402",
        "sms_code": "nwmtgpma",
        "services": "14",
        "route_count": 1
      }
    },
    {
      "type": "Feature",
      "geometry": {
        "type": "Point",
        "coordinates": [
          -1.75994,
          52.45026
        ]
      },
      "properties": {
        "name": "Goodway Road",
        "campus_code": "",
        "atco_code": "43000105101",
        "sms_code": "nwmadjaw",
        "services": "X1",
        "route_count": 1
      }
    },
    {
      "type": "Feature",
      "geometry": {
        "type": "Point",
        "coordinates": [
          -1.76295,
          52.4516
        ]
      },
      "properties": {
        "name": "Goodway Road",
        "campus_code": "",
        "atco_code": "43000105102",
        "sms_code": "nwmadjda",
        "services": "X1",
        "route_count": 1
      }
    },
    {
      "type": "Feature",
      "geometry": {
        "type": "Point",
        "coordinates": [
          -1.5462,
          52.41816
        ]
      },
      "properties": {
        "name": "Grayswood Avenue",
        "campus_code": "",
        "atco_code": "43000083201",
        "sms_code": "nwmadgaj",
        "services": "X1",
        "route_count": 1
      }
    },
    {
      "type": "Feature",
      "geometry": {
        "type": "Point",
        "coordinates": [
          -1.54471,
          52.41793
        ]
      },
      "properties": {
        "name": "Grayswood Avenue",
        "campus_code": "",
        "atco_code": "43000083202",
        "sms_code": "nwmadgam",
        "services": "X1",
        "route_count": 1
      }
    },
    {
      "type": "Feature",
      "geometry": {
        "type": "Point",
        "coordinates": [
          -1.43996,
          52.39823
        ]
      },
      "properties": {
        "name": "HSBC",
        "campus_code": "",
        "atco_code": "43000028101",
        "sms_code": "nwmpwgdt",
        "services": "60",
        "route_count": 1
      }
    },
    {
      "type": "Feature",
      "geometry": {
        "type": "Point",
        "coordinates": [
          -1.43983,
          52.39804
        ]
      },
      "properties": {
        "name": "HSBC",
        "campus_code": "",
        "atco_code": "43000028102",
        "sms_code": "nwmpwgdw",
        "services": "60",
        "route_count": 1
      }
    },
    {
      "type": "Feature",
      "geometry": {
        "type": "Point",
        "coordinates": [
          -1.65237,
          52.43855
        ]
      },
      "properties": {
        "name": "Hampton Grange",
        "campus_code": "",
        "atco_code": "43000105001",
        "sms_code": "nwmtpgjg",
        "services": "X1",
        "route_count": 1
      }
    },
    {
      "type": "Feature",
      "geometry": {
        "type": "Point",
        "coordinates": [
          -1.65291,
          52.43885
        ]
      },
      "properties": {
        "name": "Hampton Grange",
        "campus_code": "",
        "atco_code": "43000105002",
        "sms_code": "nwmtpgjm",
        "services": "X1",
        "route_count": 1
      }
    },
    {
      "type": "Feature",
      "geometry": {
        "type": "Point",
        "coordinates": [
          -1.49473,
          52.42472
        ]
      },
      "properties": {
        "name": "Hanford Close",
        "campus_code": "",
        "atco_code": "43000023101",
        "sms_code": "nwmpwawa",
        "services": "21",
        "route_count": 1
      }
    },
    {
      "type": "Feature",
      "geometry": {
        "type": "Point",
        "coordinates": [
          -1.49491,
          52.42376
        ]
      },
      "properties": {
        "name": "Hanford Close",
        "campus_code": "",
        "atco_code": "43000023102",
        "sms_code": "nwmpwawd",
        "services": "21",
        "route_count": 1
      }
    },
    {
      "type": "Feature",
      "geometry": {
        "type": "Point",
        "coordinates": [
          -1.553298981,
          52.267353057
        ]
      },
      "properties": {
        "name": "Harbury Lane",
        "campus_code": "",
        "atco_code": "4200F169743",
        "sms_code": "wardptgt",
        "services": "U1",
        "route_count": 1
      }
    },
    {
      "type": "Feature",
      "geometry": {
        "type": "Point",
        "coordinates": [
          -1.541525095,
          52.262345277
        ]
      },
      "properties": {
        "name": "Harbury Lane",
        "campus_code": "",
        "atco_code": "4200F169745",
        "sms_code": "wardptja",
        "services": "U1",
        "route_count": 1
      }
    },
    {
      "type": "Feature",
      "geometry": {
        "type": "Point",
        "coordinates": [
          -1.55581,
          52.40714
        ]
      },
      "properties": {
        "name": "Harewood Road",
        "campus_code": "",
        "atco_code": "43001071403",
        "sms_code": "nwmpjpda",
        "services": "14, 14A",
        "route_count": 2
      }
    },
    {
      "type": "Feature",
      "geometry": {
        "type": "Point",
        "coordinates": [
          -1.55596,
          52.40713
        ]
      },
      "properties": {
        "name": "Harewood Road",
        "campus_code": "",
        "atco_code": "43001071404",
        "sms_code": "nwmdpdap",
        "services": "14",
        "route_count": 1
      }
    },
    {
      "type": "Feature",
      "geometry": {
        "type": "Point",
        "coordinates": [
          -1.46575,
          52.43962
        ]
      },
      "properties": {
        "name": "Haseley Road",
        "campus_code": "",
        "atco_code": "43000034501",
        "sms_code": "nwmdtmag",
        "services": "21",
        "route_count": 1
      }
    },
    {
      "type": "Feature",
      "geometry": {
        "type": "Point",
        "coordinates": [
          -1.46562,
          52.43987
        ]
      },
      "properties": {
        "name": "Haseley Road",
        "campus_code": "",
        "atco_code": "43000034502",
        "sms_code": "nwmtjgpa",
        "services": "21",
        "route_count": 1
      }
    },
    {
      "type": "Feature",
      "geometry": {
        "type": "Point",
        "coordinates": [
          -1.54261,
          52.40354
        ]
      },
      "properties": {
        "name": "Hearsall Common",
        "campus_code": "",
        "atco_code": "43000023401",
        "sms_code": "nwmpwawt",
        "services": "11",
        "route_count": 1
      }
    },
    {
      "type": "Feature",
      "geometry": {
        "type": "Point",
        "coordinates": [
          -1.54155,
          52.40344
        ]
      },
      "properties": {
        "name": "Hearsall Common",
        "campus_code": "",
        "atco_code": "43000023402",
        "sms_code": "nwmtwdpj",
        "services": "11",
        "route_count": 1
      }
    },
    {
      "type": "Feature",
      "geometry": {
        "type": "Point",
        "coordinates": [
          -1.54778,
          52.40377
        ]
      },
      "properties": {
        "name": "Hearsall Court",
        "campus_code": "",
        "atco_code": "43000071701",
        "sms_code": "nwmgadjd",
        "services": "11",
        "route_count": 1
      }
    },
    {
      "type": "Feature",
      "geometry": {
        "type": "Point",
        "coordinates": [
          -1.54743,
          52.4037
        ]
      },
      "properties": {
        "name": "Hearsall Court",
        "campus_code": "",
        "atco_code": "43000071702",
        "sms_code": "nwmgadjg",
        "services": "11",
        "route_count": 1
      }
    },
    {
      "type": "Feature",
      "geometry": {
        "type": "Point",
        "coordinates": [
          -1.539576193,
          52.269440081
        ]
      },
      "properties": {
        "name": "Heathcote Hospital",
        "campus_code": "",
        "atco_code": "4200F087700",
        "sms_code": "warapjtw",
        "services": "U1A",
        "route_count": 1
      }
    },
    {
      "type": "Feature",
      "geometry": {
        "type": "Point",
        "coordinates": [
          -1.538830063,
          52.269320297
        ]
      },
      "properties": {
        "name": "Heathcote Hospital",
        "campus_code": "",
        "atco_code": "4200F228301",
        "sms_code": "waraptat",
        "services": "U1A",
        "route_count": 1
      }
    },
    {
      "type": "Feature",
      "geometry": {
        "type": "Point",
        "coordinates": [
          -1.534346525,
          52.272053759
        ]
      },
      "properties": {
        "name": "Heathcote Road",
        "campus_code": "",
        "atco_code": "4200F204301",
        "sms_code": "waradpmp",
        "services": "U1, U1A",
        "route_count": 2
      }
    },
    {
      "type": "Feature",
      "geometry": {
        "type": "Point",
        "coordinates": [
          -1.50675,
          52.40692
        ]
      },
      "properties": {
        "name": "Herbert Gallery",
        "campus_code": "",
        "atco_code": "43000007102",
        "sms_code": "nwmdptwt",
        "services": "11, 12X",
        "route_count": 2
      }
    },
    {
      "type": "Feature",
      "geometry": {
        "type": "Point",
        "coordinates": [
          -1.53211,
          52.40233
        ]
      },
      "properties": {
        "name": "Highland Road",
        "campus_code": "",
        "atco_code": "43000070701",
        "sms_code": "nwmdwtwm",
        "services": "11",
        "route_count": 1
      }
    },
    {
      "type": "Feature",
      "geometry": {
        "type": "Point",
        "coordinates": [
          -1.53273,
          52.40242
        ]
      },
      "properties": {
        "name": "Highland Road",
        "campus_code": "",
        "atco_code": "43000070702",
        "sms_code": "nwmdwtwp",
        "services": "11",
        "route_count": 1
      }
    },
    {
      "type": "Feature",
      "geometry": {
        "type": "Point",
        "coordinates": [
          -1.606319738,
          52.381061497
        ]
      },
      "properties": {
        "name": "Hodgetts Lane",
        "campus_code": "",
        "atco_code": "4200F126150",
        "sms_code": "warajwjg",
        "services": "87",
        "route_count": 1
      }
    },
    {
      "type": "Feature",
      "geometry": {
        "type": "Point",
        "coordinates": [
          -1.580621971,
          52.34410437
        ]
      },
      "properties": {
        "name": "Holiday Inn",
        "campus_code": "",
        "atco_code": "4200F108901",
        "sms_code": "warajpgp",
        "services": "11",
        "route_count": 1
      }
    },
    {
      "type": "Feature",
      "geometry": {
        "type": "Point",
        "coordinates": [
          -1.52007,
          52.44547
        ]
      },
      "properties": {
        "name": "Holy Family Church",
        "campus_code": "",
        "atco_code": "43000015501",
        "sms_code": "nwmptpmt",
        "services": "15",
        "route_count": 1
      }
    },
    {
      "type": "Feature",
      "geometry": {
        "type": "Point",
        "coordinates": [
          -1.52058,
          52.44504
        ]
      },
      "properties": {
        "name": "Holy Family Church",
        "campus_code": "",
        "atco_code": "43000015502",
        "sms_code": "nwmtjapd",
        "services": "15",
        "route_count": 1
      }
    },
    {
      "type": "Feature",
      "geometry": {
        "type": "Point",
        "coordinates": [
          -1.44102,
          52.42219
        ]
      },
      "properties": {
        "name": "Hospital Car Parks",
        "campus_code": "",
        "atco_code": "43000004301",
        "sms_code": "nwmtmjwd",
        "services": "60",
        "route_count": 1
      }
    },
    {
      "type": "Feature",
      "geometry": {
        "type": "Point",
        "coordinates": [
          -1.43873,
          52.42199
        ]
      },
      "properties": {
        "name": "Hospital Interchange",
        "campus_code": "",
        "atco_code": "43000038203",
        "sms_code": "nwmtpwdj",
        "services": "60",
        "route_count": 1
      }
    },
    {
      "type": "Feature",
      "geometry": {
        "type": "Point",
        "coordinates": [
          -1.43922,
          52.42197
        ]
      },
      "properties": {
        "name": "Hospital Interchange",
        "campus_code": "",
        "atco_code": "43000038209",
        "sms_code": "nwmajgjw",
        "services": "60",
        "route_count": 1
      }
    },
    {
      "type": "Feature",
      "geometry": {
        "type": "Point",
        "coordinates": [
          -1.7746,
          52.41469
        ]
      },
      "properties": {
        "name": "House Of Fraser",
        "campus_code": "",
        "atco_code": "43000159301",
        "sms_code": "nwmdtdwp",
        "services": "87",
        "route_count": 1
      }
    },
    {
      "type": "Feature",
      "geometry": {
        "type": "Point",
        "coordinates": [
          -1.77557,
          52.41494
        ]
      },
      "properties": {
        "name": "House Of Fraser",
        "campus_code": "",
        "atco_code": "43000159302",
        "sms_code": "nwmtdtwg",
        "services": "87",
        "route_count": 1
      }
    },
    {
      "type": "Feature",
      "geometry": {
        "type": "Point",
        "coordinates": [
          -1.56589,
          52.39173
        ]
      },
      "properties": {
        "name": "Hunt Terrace",
        "campus_code": "",
        "atco_code": "43000066501",
        "sms_code": "nwmdwtap",
        "services": "87",
        "route_count": 1
      }
    },
    {
      "type": "Feature",
      "geometry": {
        "type": "Point",
        "coordinates": [
          -1.5652,
          52.39182
        ]
      },
      "properties": {
        "name": "Hunt Terrace",
        "campus_code": "",
        "atco_code": "43000066502",
        "sms_code": "nwmtgawp",
        "services": "14, 14A",
        "route_count": 2
      }
    },
    {
      "type": "Feature",
      "geometry": {
        "type": "Point",
        "coordinates": [
          -1.44128,
          52.40423
        ]
      },
      "properties": {
        "name": "Hunters Close",
        "campus_code": "",
        "atco_code": "43000045401",
        "sms_code": "nwmdwamd",
        "services": "60",
        "route_count": 1
      }
    },
    {
      "type": "Feature",
      "geometry": {
        "type": "Point",
        "coordinates": [
          -1.43939,
          52.4048
        ]
      },
      "properties": {
        "name": "Hunters Close",
        "campus_code": "",
        "atco_code": "43000045402",
        "sms_code": "nwmtmjwa",
        "services": "60",
        "route_count": 1
      }
    },
    {
      "type": "Feature",
      "geometry": {
        "type": "Point",
        "coordinates": [
          -1.52263,
          52.39864
        ]
      },
      "properties": {
        "name": "Huntingdon Road",
        "campus_code": "",
        "atco_code": "43000062001",
        "sms_code": "nwmdtdtp",
        "services": "11",
        "route_count": 1
      }
    },
    {
      "type": "Feature",
      "geometry": {
        "type": "Point",
        "coordinates": [
          -1.52282,
          52.39831
        ]
      },
      "properties": {
        "name": "Huntingdon Road",
        "campus_code": "",
        "atco_code": "43000062002",
        "sms_code": "nwmdtdtw",
        "services": "11",
        "route_count": 1
      }
    },
    {
      "type": "Feature",
      "geometry": {
        "type": "Point",
        "coordinates": [
          -1.44239,
          52.39759
        ]
      },
      "properties": {
        "name": "Industrial Estate",
        "campus_code": "",
        "atco_code": "43000046201",
        "sms_code": "nwmdwapw",
        "services": "60",
        "route_count": 1
      }
    },
    {
      "type": "Feature",
      "geometry": {
        "type": "Point",
        "coordinates": [
          -1.44204,
          52.39782
        ]
      },
      "properties": {
        "name": "Industrial Estate",
        "campus_code": "",
        "atco_code": "43000046202",
        "sms_code": "nwmdwata",
        "services": "60",
        "route_count": 1
      }
    },
    {
      "type": "Feature",
      "geometry": {
        "type": "Point",
        "coordinates": [
          -1.44727,
          52.39497
        ]
      },
      "properties": {
        "name": "Invicta Road",
        "campus_code": "",
        "atco_code": "43000046401",
        "sms_code": "nwmdwatj",
        "services": "60",
        "route_count": 1
      }
    },
    {
      "type": "Feature",
      "geometry": {
        "type": "Point",
        "coordinates": [
          -1.44781,
          52.39601
        ]
      },
      "properties": {
        "name": "Invicta Road",
        "campus_code": "",
        "atco_code": "43000046402",
        "sms_code": "nwmdwatm",
        "services": "60",
        "route_count": 1
      }
    },
    {
      "type": "Feature",
      "geometry": {
        "type": "Point",
        "coordinates": [
          -1.5103,
          52.409
        ]
      },
      "properties": {
        "name": "Ironmonger Square",
        "campus_code": "",
        "atco_code": "43001054401",
        "sms_code": "nwmwgjwg",
        "services": "11, 87",
        "route_count": 2
      }
    },
    {
      "type": "Feature",
      "geometry": {
        "type": "Point",
        "coordinates": [
          -1.74616,
          52.39962
        ]
      },
      "properties": {
        "name": "Jacobean Lane",
        "campus_code": "",
        "atco_code": "43000119201",
        "sms_code": "nwmgawdg",
        "services": "87",
        "route_count": 1
      }
    },
    {
      "type": "Feature",
      "geometry": {
        "type": "Point",
        "coordinates": [
          -1.74584,
          52.39953
        ]
      },
      "properties": {
        "name": "Jacobean Lane",
        "campus_code": "",
        "atco_code": "43000119202",
        "sms_code": "nwmgawdj",
        "services": "87",
        "route_count": 1
      }
    },
    {
      "type": "Feature",
      "geometry": {
        "type": "Point",
        "coordinates": [
          -1.49112,
          52.38562
        ]
      },
      "properties": {
        "name": "Jaguar Works",
        "campus_code": "",
        "atco_code": "43001095001",
        "sms_code": "nwmwgpaj",
        "services": "60",
        "route_count": 1
      }
    },
    {
      "type": "Feature",
      "geometry": {
        "type": "Point",
        "coordinates": [
          -1.60678,
          52.43304
        ]
      },
      "properties": {
        "name": "James Dawson Drive",
        "campus_code": "",
        "atco_code": "43000086502",
        "sms_code": "nwmadgjw",
        "services": "X1",
        "route_count": 1
      }
    },
    {
      "type": "Feature",
      "geometry": {
        "type": "Point",
        "coordinates": [
          -1.5734,
          52.40971
        ]
      },
      "properties": {
        "name": "Job's Lane",
        "campus_code": "",
        "atco_code": "43000073201",
        "sms_code": "nwmdtgwt",
        "services": "14",
        "route_count": 1
      }
    },
    {
      "type": "Feature",
      "geometry": {
        "type": "Point",
        "coordinates": [
          -1.56365,
          52.39497
        ]
      },
      "properties": {
        "name": "John Ross Avenue",
        "campus_code": "",
        "atco_code": "43001055001",
        "sms_code": "nwmptgpw",
        "services": "12X",
        "route_count": 1
      }
    },
    {
      "type": "Feature",
      "geometry": {
        "type": "Point",
        "coordinates": [
          -1.56412,
          52.39476
        ]
      },
      "properties": {
        "name": "John Ross Avenue",
        "campus_code": "",
        "atco_code": "43001055301",
        "sms_code": "nwmptgtd",
        "services": "12X",
        "route_count": 1
      }
    },
    {
      "type": "Feature",
      "geometry": {
        "type": "Point",
        "coordinates": [
          -1.82459,
          52.46266
        ]
      },
      "properties": {
        "name": "Kathleen Road",
        "campus_code": "",
        "atco_code": "43000233403",
        "sms_code": "nwmdpwmp",
        "services": "X1",
        "route_count": 1
      }
    },
    {
      "type": "Feature",
      "geometry": {
        "type": "Point",
        "coordinates": [
          -1.82432,
          52.4624
        ]
      },
      "properties": {
        "name": "Kathleen Road",
        "campus_code": "",
        "atco_code": "43000233404",
        "sms_code": "nwmdpwmt",
        "services": "X1",
        "route_count": 1
      }
    },
    {
      "type": "Feature",
      "geometry": {
        "type": "Point",
        "coordinates": [
          -1.53436,
          52.38716
        ]
      },
      "properties": {
        "name": "Kenpas Highway",
        "campus_code": "",
        "atco_code": "43000061101",
        "sms_code": "nwmdwmta",
        "services": "12X, 87",
        "route_count": 2
      }
    },
    {
      "type": "Feature",
      "geometry": {
        "type": "Point",
        "coordinates": [
          -1.53405,
          52.38719
        ]
      },
      "properties": {
        "name": "Kenpas Highway",
        "campus_code": "",
        "atco_code": "43000061103",
        "sms_code": "nwmdwmtg",
        "services": "12X",
        "route_count": 1
      }
    },
    {
      "type": "Feature",
      "geometry": {
        "type": "Point",
        "coordinates": [
          -1.79206,
          52.45417
        ]
      },
      "properties": {
        "name": "Keswick Road",
        "campus_code": "",
        "atco_code": "43000447101",
        "sms_code": "nwmdapjw",
        "services": "X1",
        "route_count": 1
      }
    },
    {
      "type": "Feature",
      "geometry": {
        "type": "Point",
        "coordinates": [
          -1.79201,
          52.45499
        ]
      },
      "properties": {
        "name": "Keswick Road",
        "campus_code": "",
        "atco_code": "43000447102",
        "sms_code": "nwmdapma",
        "services": "X1",
        "route_count": 1
      }
    },
    {
      "type": "Feature",
      "geometry": {
        "type": "Point",
        "coordinates": [
          -1.51758,
          52.3988
        ]
      },
      "properties": {
        "name": "King Henry VIII School",
        "campus_code": "",
        "atco_code": "43000052101",
        "sms_code": "nwmdwdwp",
        "services": "11",
        "route_count": 1
      }
    },
    {
      "type": "Feature",
      "geometry": {
        "type": "Point",
        "coordinates": [
          -1.5182,
          52.39906
        ]
      },
      "properties": {
        "name": "King Henry VIII School",
        "campus_code": "",
        "atco_code": "43000052102",
        "sms_code": "nwmdwdwt",
        "services": "11",
        "route_count": 1
      }
    },
    {
      "type": "Feature",
      "geometry": {
        "type": "Point",
        "coordinates": [
          -1.56055,
          52.40731
        ]
      },
      "properties": {
        "name": "Kings Gardens",
        "campus_code": "",
        "atco_code": "43000075001",
        "sms_code": "nwmgagmj",
        "services": "14",
        "route_count": 1
      }
    },
    {
      "type": "Feature",
      "geometry": {
        "type": "Point",
        "coordinates": [
          -1.56178,
          52.40737
        ]
      },
      "properties": {
        "name": "Kings Gardens",
        "campus_code": "",
        "atco_code": "43000075002",
        "sms_code": "nwmgagmp",
        "services": "14, 14A",
        "route_count": 2
      }
    },
    {
      "type": "Feature",
      "geometry": {
        "type": "Point",
        "coordinates": [
          -1.8362,
          52.4637
        ]
      },
      "properties": {
        "name": "Kings Road",
        "campus_code": "",
        "atco_code": "43000233101",
        "sms_code": "nwmamajm",
        "services": "X1",
        "route_count": 1
      }
    },
    {
      "type": "Feature",
      "geometry": {
        "type": "Point",
        "coordinates": [
          -1.83623,
          52.46333
        ]
      },
      "properties": {
        "name": "Kings Road",
        "campus_code": "",
        "atco_code": "43000233102",
        "sms_code": "nwmamajp",
        "services": "X1",
        "route_count": 1
      }
    },
    {
      "type": "Feature",
      "geometry": {
        "type": "Point",
        "coordinates": [
          -1.53491,
          52.40451
        ]
      },
      "properties": {
        "name": "Kingston Road",
        "campus_code": "",
        "atco_code": "43001052002",
        "sms_code": "nwmpjmpa",
        "services": "11",
        "route_count": 1
      }
    },
    {
      "type": "Feature",
      "geometry": {
        "type": "Point",
        "coordinates": [
          -1.51115,
          52.38611
        ]
      },
      "properties": {
        "name": "Knoll Drive",
        "campus_code": "",
        "atco_code": "43000057501",
        "sms_code": "nwmdwjwg",
        "services": "60",
        "route_count": 1
      }
    },
    {
      "type": "Feature",
      "geometry": {
        "type": "Point",
        "coordinates": [
          -1.51164,
          52.38596
        ]
      },
      "properties": {
        "name": "Knoll Drive",
        "campus_code": "",
        "atco_code": "43000057502",
        "sms_code": "nwmwadam",
        "services": "60",
        "route_count": 1
      }
    },
    {
      "type": "Feature",
      "geometry": {
        "type": "Point",
        "coordinates": [
          -1.73394,
          52.38806
        ]
      },
      "properties": {
        "name": "Knowle Green Church",
        "campus_code": "",
        "atco_code": "43000118201",
        "sms_code": "nwmdpapw",
        "services": "87",
        "route_count": 1
      }
    },
    {
      "type": "Feature",
      "geometry": {
        "type": "Point",
        "coordinates": [
          -1.73431,
          52.38809
        ]
      },
      "properties": {
        "name": "Knowle Green Church",
        "campus_code": "",
        "atco_code": "43000118202",
        "sms_code": "nwmtagtp",
        "services": "87",
        "route_count": 1
      }
    },
    {
      "type": "Feature",
      "geometry": {
        "type": "Point",
        "coordinates": [
          -1.57058,
          52.4139
        ]
      },
      "properties": {
        "name": "Ladbrook Road",
        "campus_code": "",
        "atco_code": "43000075901",
        "sms_code": "nwmgagtw",
        "services": "14",
        "route_count": 1
      }
    },
    {
      "type": "Feature",
      "geometry": {
        "type": "Point",
        "coordinates": [
          -1.57067,
          52.41375
        ]
      },
      "properties": {
        "name": "Ladbrook Road",
        "campus_code": "",
        "atco_code": "43000075902",
        "sms_code": "nwmgagwa",
        "services": "14, 14A",
        "route_count": 2
      }
    },
    {
      "type": "Feature",
      "geometry": {
        "type": "Point",
        "coordinates": [
          -1.74916,
          52.40207
        ]
      },
      "properties": {
        "name": "Lady Byron Lane",
        "campus_code": "",
        "atco_code": "43000119301",
        "sms_code": "nwmgawdm",
        "services": "87",
        "route_count": 1
      }
    },
    {
      "type": "Feature",
      "geometry": {
        "type": "Point",
        "coordinates": [
          -1.74946,
          52.40208
        ]
      },
      "properties": {
        "name": "Lady Byron Lane",
        "campus_code": "",
        "atco_code": "43000119302",
        "sms_code": "nwmgawdp",
        "services": "87",
        "route_count": 1
      }
    },
    {
      "type": "Feature",
      "geometry": {
        "type": "Point",
        "coordinates": [
          -1.51876,
          52.42275
        ]
      },
      "properties": {
        "name": "Lanchester Road",
        "campus_code": "",
        "atco_code": "43000010301",
        "sms_code": "nwmptmaj",
        "services": "15",
        "route_count": 1
      }
    },
    {
      "type": "Feature",
      "geometry": {
        "type": "Point",
        "coordinates": [
          -1.51867,
          52.42316
        ]
      },
      "properties": {
        "name": "Lanchester Road",
        "campus_code": "",
        "atco_code": "43000010302",
        "sms_code": "nwmptmam",
        "services": "15",
        "route_count": 1
      }
    },
    {
      "type": "Feature",
      "geometry": {
        "type": "Point",
        "coordinates": [
          -1.45708,
          52.38721
        ]
      },
      "properties": {
        "name": "Laneside",
        "campus_code": "",
        "atco_code": "43000055701",
        "sms_code": "nwmdwjdp",
        "services": "60",
        "route_count": 1
      }
    },
    {
      "type": "Feature",
      "geometry": {
        "type": "Point",
        "coordinates": [
          -1.45642,
          52.38729
        ]
      },
      "properties": {
        "name": "Laneside",
        "campus_code": "",
        "atco_code": "43000055702",
        "sms_code": "nwmdwjdt",
        "services": "60",
        "route_count": 1
      }
    },
    {
      "type": "Feature",
      "geometry": {
        "type": "Point",
        "coordinates": [
          -1.57073,
          52.40895
        ]
      },
      "properties": {
        "name": "Larch Tree Avenue",
        "campus_code": "",
        "atco_code": "43000073101",
        "sms_code": "nwmgadwa",
        "services": "14",
        "route_count": 1
      }
    },
    {
      "type": "Feature",
      "geometry": {
        "type": "Point",
        "coordinates": [
          -1.57133,
          52.40904
        ]
      },
      "properties": {
        "name": "Larch Tree Avenue",
        "campus_code": "",
        "atco_code": "43000073102",
        "sms_code": "nwmgadwd",
        "services": "14, 14A",
        "route_count": 2
      }
    },
    {
      "type": "Feature",
      "geometry": {
        "type": "Point",
        "coordinates": [
          -1.51704,
          52.38008
        ]
      },
      "properties": {
        "name": "Leamington Road",
        "campus_code": "",
        "atco_code": "43000055001",
        "sms_code": "nwmdwgwt",
        "services": "60",
        "route_count": 1
      }
    },
    {
      "type": "Feature",
      "geometry": {
        "type": "Point",
        "coordinates": [
          -1.51705,
          52.37989
        ]
      },
      "properties": {
        "name": "Leamington Road",
        "campus_code": "",
        "atco_code": "43000055002",
        "sms_code": "nwmdtdta",
        "services": "60",
        "route_count": 1
      }
    },
    {
      "type": "Feature",
      "geometry": {
        "type": "Point",
        "coordinates": [
          -1.544192318,
          52.319462103
        ]
      },
      "properties": {
        "name": "Leamington Rugby Club",
        "campus_code": "",
        "atco_code": "4200F166201",
        "sms_code": "wardagdw",
        "services": "11, U1, U1A",
        "route_count": 3
      }
    },
    {
      "type": "Feature",
      "geometry": {
        "type": "Point",
        "coordinates": [
          -1.544821389,
          52.319635342
        ]
      },
      "properties": {
        "name": "Leamington Rugby Club",
        "campus_code": "",
        "atco_code": "4200F166202",
        "sms_code": "wardagja",
        "services": "11, U1, U1A",
        "route_count": 3
      }
    },
    {
      "type": "Feature",
      "geometry": {
        "type": "Point",
        "coordinates": [
          -1.55551,
          52.38591
        ]
      },
      "properties": {
        "name": "Leeming Close",
        "campus_code": "",
        "atco_code": "43000123801",
        "sms_code": "nwmgawmj",
        "services": "14, 60, 87",
        "route_count": 3
      }
    },
    {
      "type": "Feature",
      "geometry": {
        "type": "Point",
        "coordinates": [
          -1.64209,
          52.43544
        ]
      },
      "properties": {
        "name": "Leys Lane",
        "campus_code": "",
        "atco_code": "43000100401",
        "sms_code": "nwmadgmw",
        "services": "X1",
        "route_count": 1
      }
    },
    {
      "type": "Feature",
      "geometry": {
        "type": "Point",
        "coordinates": [
          -1.64296,
          52.4354
        ]
      },
      "properties": {
        "name": "Leys Lane",
        "campus_code": "",
        "atco_code": "43000100402",
        "sms_code": "nwmadgpa",
        "services": "X1",
        "route_count": 1
      }
    },
    {
      "type": "Feature",
      "geometry": {
        "type": "Point",
        "coordinates": [
          -1.50744,
          52.39466
        ]
      },
      "properties": {
        "name": "Lichfield Road",
        "campus_code": "",
        "atco_code": "43000050201",
        "sms_code": "nwmdwdgw",
        "services": "21",
        "route_count": 1
      }
    },
    {
      "type": "Feature",
      "geometry": {
        "type": "Point",
        "coordinates": [
          -1.74313,
          52.39735
        ]
      },
      "properties": {
        "name": "Lightwood Close",
        "campus_code": "",
        "atco_code": "43000119101",
        "sms_code": "nwmgawaw",
        "services": "87",
        "route_count": 1
      }
    },
    {
      "type": "Feature",
      "geometry": {
        "type": "Point",
        "coordinates": [
          -1.74277,
          52.39699
        ]
      },
      "properties": {
        "name": "Lightwood Close",
        "campus_code": "",
        "atco_code": "43000119102",
        "sms_code": "nwmgawda",
        "services": "87",
        "route_count": 1
      }
    },
    {
      "type": "Feature",
      "geometry": {
        "type": "Point",
        "coordinates": [
          -1.536060445,
          52.298806732
        ]
      },
      "properties": {
        "name": "Lillington Avenue",
        "campus_code": "",
        "atco_code": "4200F149901",
        "sms_code": "waraptma",
        "services": "11, U1, U1A",
        "route_count": 3
      }
    },
    {
      "type": "Feature",
      "geometry": {
        "type": "Point",
        "coordinates": [
          -1.535460468,
          52.297285013
        ]
      },
      "properties": {
        "name": "Lillington Avenue",
        "campus_code": "",
        "atco_code": "4200F149902",
        "sms_code": "waraptmd",
        "services": "11, U1, U1A",
        "route_count": 3
      }
    },
    {
      "type": "Feature",
      "geometry": {
        "type": "Point",
        "coordinates": [
          -1.577886624,
          52.341550401
        ]
      },
      "properties": {
        "name": "Lion",
        "campus_code": "",
        "atco_code": "4200F109001",
        "sms_code": "warajpgt",
        "services": "11",
        "route_count": 1
      }
    },
    {
      "type": "Feature",
      "geometry": {
        "type": "Point",
        "coordinates": [
          -1.55977,
          52.42326
        ]
      },
      "properties": {
        "name": "Lion Fields Avenue",
        "campus_code": "",
        "atco_code": "43000084302",
        "sms_code": "nwmtdtaj",
        "services": "X1",
        "route_count": 1
      }
    },
    {
      "type": "Feature",
      "geometry": {
        "type": "Point",
        "coordinates": [
          -1.56001,
          52.42321
        ]
      },
      "properties": {
        "name": "Lion Fields Avenue",
        "campus_code": "",
        "atco_code": "43000084303",
        "sms_code": "nwmtdtgp",
        "services": "X1",
        "route_count": 1
      }
    },
    {
      "type": "Feature",
      "geometry": {
        "type": "Point",
        "coordinates": [
          -1.62717,
          52.38591
        ]
      },
      "properties": {
        "name": "Little Beanit Farm",
        "campus_code": "",
        "atco_code": "43000103101",
        "sms_code": "nwmgapjt",
        "services": "87",
        "route_count": 1
      }
    },
    {
      "type": "Feature",
      "geometry": {
        "type": "Point",
        "coordinates": [
          -1.62727,
          52.3858
        ]
      },
      "properties": {
        "name": "Little Beanit Farm",
        "campus_code": "",
        "atco_code": "43000103102",
        "sms_code": "nwmgapjw",
        "services": "87",
        "route_count": 1
      }
    },
    {
      "type": "Feature",
      "geometry": {
        "type": "Point",
        "coordinates": [
          -1.50822,
          52.40529
        ]
      },
      "properties": {
        "name": "Little Park Street",
        "campus_code": "",
        "atco_code": "43009012601",
        "sms_code": "nwmwgwpw",
        "services": "12X",
        "route_count": 1
      }
    },
    {
      "type": "Feature",
      "geometry": {
        "type": "Point",
        "coordinates": [
          -1.73718,
          52.39056
        ]
      },
      "properties": {
        "name": "Lodge Road",
        "campus_code": "",
        "atco_code": "43000118301",
        "sms_code": "nwmgatwt",
        "services": "87",
        "route_count": 1
      }
    },
    {
      "type": "Feature",
      "geometry": {
        "type": "Point",
        "coordinates": [
          -1.48161,
          52.4323
        ]
      },
      "properties": {
        "name": "Longfield House",
        "campus_code": "",
        "atco_code": "43000025101",
        "sms_code": "nwmpwdmp",
        "services": "21",
        "route_count": 1
      }
    },
    {
      "type": "Feature",
      "geometry": {
        "type": "Point",
        "coordinates": [
          -1.57891,
          52.38786
        ]
      },
      "properties": {
        "name": "Longwood Close",
        "campus_code": "",
        "atco_code": "43000065501",
        "sms_code": "nwmdwptm",
        "services": "12X",
        "route_count": 1
      }
    },
    {
      "type": "Feature",
      "geometry": {
        "type": "Point",
        "coordinates": [
          -1.45882,
          52.38727
        ]
      },
      "properties": {
        "name": "Lorenzo Close",
        "campus_code": "",
        "atco_code": "43000055501",
        "sms_code": "nwmdwjdg",
        "services": "60",
        "route_count": 1
      }
    },
    {
      "type": "Feature",
      "geometry": {
        "type": "Point",
        "coordinates": [
          -1.45861,
          52.38741
        ]
      },
      "properties": {
        "name": "Lorenzo Close",
        "campus_code": "",
        "atco_code": "43000055502",
        "sms_code": "nwmdwjdj",
        "services": "21, 60",
        "route_count": 2
      }
    },
    {
      "type": "Feature",
      "geometry": {
        "type": "Point",
        "coordinates": [
          -1.51568,
          52.42098
        ]
      },
      "properties": {
        "name": "Lydgate Road",
        "campus_code": "",
        "atco_code": "43000010201",
        "sms_code": "nwmptmag",
        "services": "15",
        "route_count": 1
      }
    },
    {
      "type": "Feature",
      "geometry": {
        "type": "Point",
        "coordinates": [
          -1.51549,
          52.42099
        ]
      },
      "properties": {
        "name": "Lydgate Road",
        "campus_code": "",
        "atco_code": "43000010202",
        "sms_code": "nwmwgamt",
        "services": "15",
        "route_count": 1
      }
    },
    {
      "type": "Feature",
      "geometry": {
        "type": "Point",
        "coordinates": [
          -1.55696,
          52.38952
        ]
      },
      "properties": {
        "name": "Lynchgate Road",
        "campus_code": "",
        "atco_code": "43000063601",
        "sms_code": "nwmdwpja",
        "services": "11, 14, 14A, 60, 87",
        "route_count": 5
      }
    },
    {
      "type": "Feature",
      "geometry": {
        "type": "Point",
        "coordinates": [
          -1.55675,
          52.38974
        ]
      },
      "properties": {
        "name": "Lynchgate Road",
        "campus_code": "",
        "atco_code": "43000063602",
        "sms_code": "nwmdwpjd",
        "services": "11, 60, 87",
        "route_count": 3
      }
    },
    {
      "type": "Feature",
      "geometry": {
        "type": "Point",
        "coordinates": [
          -1.7891,
          52.45361
        ]
      },
      "properties": {
        "name": "Lyndon Road",
        "campus_code": "",
        "atco_code": "43000447201",
        "sms_code": "nwmdapmd",
        "services": "X1",
        "route_count": 1
      }
    },
    {
      "type": "Feature",
      "geometry": {
        "type": "Point",
        "coordinates": [
          -1.78812,
          52.45306
        ]
      },
      "properties": {
        "name": "Lyndon Road",
        "campus_code": "",
        "atco_code": "43000447203",
        "sms_code": "nwmdapmg",
        "services": "X1",
        "route_count": 1
      }
    },
    {
      "type": "Feature",
      "geometry": {
        "type": "Point",
        "coordinates": [
          -1.45868,
          52.41436
        ]
      },
      "properties": {
        "name": "Macaulay Road",
        "campus_code": "",
        "atco_code": "43000033503",
        "sms_code": "nwmdtjpw",
        "services": "60",
        "route_count": 1
      }
    },
    {
      "type": "Feature",
      "geometry": {
        "type": "Point",
        "coordinates": [
          -1.54291,
          52.40574
        ]
      },
      "properties": {
        "name": "Madeira Croft",
        "campus_code": "",
        "atco_code": "43000071301",
        "sms_code": "nwmgadgd",
        "services": "14, 14A",
        "route_count": 2
      }
    },
    {
      "type": "Feature",
      "geometry": {
        "type": "Point",
        "coordinates": [
          -1.5427,
          52.40605
        ]
      },
      "properties": {
        "name": "Madeira Croft",
        "campus_code": "",
        "atco_code": "43000071302",
        "sms_code": "nwmgadgj",
        "services": "14",
        "route_count": 1
      }
    },
    {
      "type": "Feature",
      "geometry": {
        "type": "Point",
        "coordinates": [
          -1.50859,
          52.40659
        ]
      },
      "properties": {
        "name": "Magistrates Court",
        "campus_code": "",
        "atco_code": "43000007201",
        "sms_code": "nwmdpwad",
        "services": "11, 12X",
        "route_count": 2
      }
    },
    {
      "type": "Feature",
      "geometry": {
        "type": "Point",
        "coordinates": [
          -1.51406,
          52.38461
        ]
      },
      "properties": {
        "name": "Maidavale Crescent",
        "campus_code": "",
        "atco_code": "43000053001",
        "sms_code": "nwmdwgjd",
        "services": "60",
        "route_count": 1
      }
    },
    {
      "type": "Feature",
      "geometry": {
        "type": "Point",
        "coordinates": [
          -1.52154,
          52.44351
        ]
      },
      "properties": {
        "name": "Malmesbury Road",
        "campus_code": "",
        "atco_code": "43000015401",
        "sms_code": "nwmptpmj",
        "services": "15",
        "route_count": 1
      }
    },
    {
      "type": "Feature",
      "geometry": {
        "type": "Point",
        "coordinates": [
          -1.52185,
          52.44331
        ]
      },
      "properties": {
        "name": "Malmesbury Road",
        "campus_code": "",
        "atco_code": "43000015402",
        "sms_code": "nwmptpmp",
        "services": "15",
        "route_count": 1
      }
    },
    {
      "type": "Feature",
      "geometry": {
        "type": "Point",
        "coordinates": [
          -1.4867,
          52.43854
        ]
      },
      "properties": {
        "name": "Mannion Avenue",
        "campus_code": "",
        "atco_code": "43001056301",
        "sms_code": "nwmwgtma",
        "services": "60",
        "route_count": 1
      }
    },
    {
      "type": "Feature",
      "geometry": {
        "type": "Point",
        "coordinates": [
          -1.48671,
          52.43887
        ]
      },
      "properties": {
        "name": "Mannion Avenue",
        "campus_code": "",
        "atco_code": "43001056302",
        "sms_code": "nwmwgtmd",
        "services": "60",
        "route_count": 1
      }
    },
    {
      "type": "Feature",
      "geometry": {
        "type": "Point",
        "coordinates": [
          -1.57804386,
          52.351251414
        ]
      },
      "properties": {
        "name": "Manor Road",
        "campus_code": "",
        "atco_code": "4200F108001",
        "sms_code": "warajwmw",
        "services": "11",
        "route_count": 1
      }
    },
    {
      "type": "Feature",
      "geometry": {
        "type": "Point",
        "coordinates": [
          -1.578985229,
          52.351065975
        ]
      },
      "properties": {
        "name": "Manor Road",
        "campus_code": "",
        "atco_code": "4200F108002",
        "sms_code": "warajwpa",
        "services": "11",
        "route_count": 1
      }
    },
    {
      "type": "Feature",
      "geometry": {
        "type": "Point",
        "coordinates": [
          -1.58979,
          52.3927
        ]
      },
      "properties": {
        "name": "Marina Close",
        "campus_code": "",
        "atco_code": "43000067401",
        "sms_code": "nwmdwtgp",
        "services": "14",
        "route_count": 1
      }
    },
    {
      "type": "Feature",
      "geometry": {
        "type": "Point",
        "coordinates": [
          -1.58901,
          52.39286
        ]
      },
      "properties": {
        "name": "Marina Close",
        "campus_code": "",
        "atco_code": "43000067402",
        "sms_code": "nwmdwtgt",
        "services": "14, 14A",
        "route_count": 2
      }
    },
    {
      "type": "Feature",
      "geometry": {
        "type": "Point",
        "coordinates": [
          -1.57955,
          52.39322
        ]
      },
      "properties": {
        "name": "Marler Road",
        "campus_code": "",
        "atco_code": "43000067101",
        "sms_code": "nwmdwtdt",
        "services": "14",
        "route_count": 1
      }
    },
    {
      "type": "Feature",
      "geometry": {
        "type": "Point",
        "coordinates": [
          -1.57908,
          52.39327
        ]
      },
      "properties": {
        "name": "Marler Road",
        "campus_code": "",
        "atco_code": "43000067102",
        "sms_code": "nwmdwtdw",
        "services": "14, 14A",
        "route_count": 2
      }
    },
    {
      "type": "Feature",
      "geometry": {
        "type": "Point",
        "coordinates": [
          -1.76225,
          52.41074
        ]
      },
      "properties": {
        "name": "Marsh Lane",
        "campus_code": "",
        "atco_code": "43000157401",
        "sms_code": "nwmgdmgw",
        "services": "87",
        "route_count": 1
      }
    },
    {
      "type": "Feature",
      "geometry": {
        "type": "Point",
        "coordinates": [
          -1.76256,
          52.4106
        ]
      },
      "properties": {
        "name": "Marsh Lane",
        "campus_code": "",
        "atco_code": "43000157402",
        "sms_code": "nwmgdmja",
        "services": "87",
        "route_count": 1
      }
    },
    {
      "type": "Feature",
      "geometry": {
        "type": "Point",
        "coordinates": [
          -1.54616,
          52.40668
        ]
      },
      "properties": {
        "name": "Maudslay Road",
        "campus_code": "",
        "atco_code": "43000071401",
        "sms_code": "nwmgadgm",
        "services": "14, 14A",
        "route_count": 2
      }
    },
    {
      "type": "Feature",
      "geometry": {
        "type": "Point",
        "coordinates": [
          -1.54575,
          52.4066
        ]
      },
      "properties": {
        "name": "Maudslay Road",
        "campus_code": "",
        "atco_code": "43000071402",
        "sms_code": "nwmgadgp",
        "services": "14",
        "route_count": 1
      }
    },
    {
      "type": "Feature",
      "geometry": {
        "type": "Point",
        "coordinates": [
          -1.65686,
          52.44015
        ]
      },
      "properties": {
        "name": "Maxstoke Lane",
        "campus_code": "",
        "atco_code": "43000100602",
        "sms_code": "nwmadgpm",
        "services": "X1",
        "route_count": 1
      }
    },
    {
      "type": "Feature",
      "geometry": {
        "type": "Point",
        "coordinates": [
          -1.51504,
          52.44859
        ]
      },
      "properties": {
        "name": "Meadow Road",
        "campus_code": "",
        "atco_code": "43000016801",
        "sms_code": "nwmptwam",
        "services": "15",
        "route_count": 1
      }
    },
    {
      "type": "Feature",
      "geometry": {
        "type": "Point",
        "coordinates": [
          -1.5148,
          52.44874
        ]
      },
      "properties": {
        "name": "Meadow Road",
        "campus_code": "",
        "atco_code": "43000016802",
        "sms_code": "nwmptwap",
        "services": "15",
        "route_count": 1
      }
    },
    {
      "type": "Feature",
      "geometry": {
        "type": "Point",
        "coordinates": [
          -1.64792,
          52.43703
        ]
      },
      "properties": {
        "name": "Meriden Green",
        "campus_code": "",
        "atco_code": "43000100501",
        "sms_code": "nwmadgpd",
        "services": "X1",
        "route_count": 1
      }
    },
    {
      "type": "Feature",
      "geometry": {
        "type": "Point",
        "coordinates": [
          -1.64804,
          52.43725
        ]
      },
      "properties": {
        "name": "Meriden Green",
        "campus_code": "",
        "atco_code": "43000100502",
        "sms_code": "nwmadgpg",
        "services": "X1",
        "route_count": 1
      }
    },
    {
      "type": "Feature",
      "geometry": {
        "type": "Point",
        "coordinates": [
          -1.52315,
          52.41097
        ]
      },
      "properties": {
        "name": "Meriden Street",
        "campus_code": "",
        "atco_code": "43000080201",
        "sms_code": "nwmadatw",
        "services": "X1",
        "route_count": 1
      }
    },
    {
      "type": "Feature",
      "geometry": {
        "type": "Point",
        "coordinates": [
          -1.52233,
          52.41076
        ]
      },
      "properties": {
        "name": "Meriden Street",
        "campus_code": "",
        "atco_code": "43000080202",
        "sms_code": "nwmadawa",
        "services": "X1",
        "route_count": 1
      }
    },
    {
      "type": "Feature",
      "geometry": {
        "type": "Point",
        "coordinates": [
          -1.51446,
          52.41569
        ]
      },
      "properties": {
        "name": "Merrick Lodge Hotel",
        "campus_code": "",
        "atco_code": "43000020801",
        "sms_code": "nwmpwaja",
        "services": "15",
        "route_count": 1
      }
    },
    {
      "type": "Feature",
      "geometry": {
        "type": "Point",
        "coordinates": [
          -1.51423,
          52.41542
        ]
      },
      "properties": {
        "name": "Merrick Lodge Hotel",
        "campus_code": "",
        "atco_code": "43000020802",
        "sms_code": "nwmpwajd",
        "services": "15",
        "route_count": 1
      }
    },
    {
      "type": "Feature",
      "geometry": {
        "type": "Point",
        "coordinates": [
          -1.50669,
          52.38843
        ]
      },
      "properties": {
        "name": "Meschines Street",
        "campus_code": "",
        "atco_code": "43001101701",
        "sms_code": "nwmtwamg",
        "services": "60",
        "route_count": 1
      }
    },
    {
      "type": "Feature",
      "geometry": {
        "type": "Point",
        "coordinates": [
          -1.52414,
          52.39749
        ]
      },
      "properties": {
        "name": "Mickleton Road",
        "campus_code": "",
        "atco_code": "43000060101",
        "sms_code": "nwmdwmgj",
        "services": "11",
        "route_count": 1
      }
    },
    {
      "type": "Feature",
      "geometry": {
        "type": "Point",
        "coordinates": [
          -1.52437,
          52.39749
        ]
      },
      "properties": {
        "name": "Mickleton Road",
        "campus_code": "",
        "atco_code": "43000060102",
        "sms_code": "nwmdwmgm",
        "services": "11",
        "route_count": 1
      }
    },
    {
      "type": "Feature",
      "geometry": {
        "type": "Point",
        "coordinates": [
          -1.4547,
          52.38777
        ]
      },
      "properties": {
        "name": "Middle Ride",
        "campus_code": "",
        "atco_code": "43000055801",
        "sms_code": "nwmdwjdw",
        "services": "60",
        "route_count": 1
      }
    },
    {
      "type": "Feature",
      "geometry": {
        "type": "Point",
        "coordinates": [
          -1.45374,
          52.38789
        ]
      },
      "properties": {
        "name": "Middle Ride",
        "campus_code": "",
        "atco_code": "43000055802",
        "sms_code": "nwmdwjga",
        "services": "60",
        "route_count": 1
      }
    },
    {
      "type": "Feature",
      "geometry": {
        "type": "Point",
        "coordinates": [
          -1.43762,
          52.3999
        ]
      },
      "properties": {
        "name": "Middlefield Drive",
        "campus_code": "",
        "atco_code": "43000134301",
        "sms_code": "nwmwgmjw",
        "services": "60",
        "route_count": 1
      }
    },
    {
      "type": "Feature",
      "geometry": {
        "type": "Point",
        "coordinates": [
          -1.43732,
          52.39976
        ]
      },
      "properties": {
        "name": "Middlefield Drive",
        "campus_code": "",
        "atco_code": "43000134302",
        "sms_code": "nwmwgmpa",
        "services": "60",
        "route_count": 1
      }
    },
    {
      "type": "Feature",
      "geometry": {
        "type": "Point",
        "coordinates": [
          -1.46783,
          52.4408
        ]
      },
      "properties": {
        "name": "Milverton Road",
        "campus_code": "",
        "atco_code": "43000034401",
        "sms_code": "nwmdtjwt",
        "services": "21",
        "route_count": 1
      }
    },
    {
      "type": "Feature",
      "geometry": {
        "type": "Point",
        "coordinates": [
          -1.46671,
          52.44061
        ]
      },
      "properties": {
        "name": "Milverton Road",
        "campus_code": "",
        "atco_code": "43000034402",
        "sms_code": "nwmdtmad",
        "services": "21",
        "route_count": 1
      }
    },
    {
      "type": "Feature",
      "geometry": {
        "type": "Point",
        "coordinates": [
          -1.56888,
          52.39217
        ]
      },
      "properties": {
        "name": "Mitchell Avenue",
        "campus_code": "",
        "atco_code": "43000066601",
        "sms_code": "nwmdwtat",
        "services": "12X, 87",
        "route_count": 2
      }
    },
    {
      "type": "Feature",
      "geometry": {
        "type": "Point",
        "coordinates": [
          -1.56891,
          52.39236
        ]
      },
      "properties": {
        "name": "Mitchell Avenue",
        "campus_code": "",
        "atco_code": "43000066602",
        "sms_code": "nwmdwtaw",
        "services": "12X, 14, 14A",
        "route_count": 3
      }
    },
    {
      "type": "Feature",
      "geometry": {
        "type": "Point",
        "coordinates": [
          -1.56899,
          52.38805
        ]
      },
      "properties": {
        "name": "Mitchell Avenue",
        "campus_code": "",
        "atco_code": "43001055901",
        "sms_code": "nwmwgtwj",
        "services": "12X, 60, 87",
        "route_count": 3
      }
    },
    {
      "type": "Feature",
      "geometry": {
        "type": "Point",
        "coordinates": [
          -1.55708,
          52.39058
        ]
      },
      "properties": {
        "name": "Moat House Lane",
        "campus_code": "",
        "atco_code": "43000066101",
        "sms_code": "nwmdtgwp",
        "services": "14, 14A",
        "route_count": 2
      }
    },
    {
      "type": "Feature",
      "geometry": {
        "type": "Point",
        "coordinates": [
          -1.5565,
          52.39038
        ]
      },
      "properties": {
        "name": "Moat House Lane",
        "campus_code": "",
        "atco_code": "43000066102",
        "sms_code": "nwmdwpwm",
        "services": "87",
        "route_count": 1
      }
    },
    {
      "type": "Feature",
      "geometry": {
        "type": "Point",
        "coordinates": [
          -1.533849212,
          52.269165895
        ]
      },
      "properties": {
        "name": "Montgomery Road",
        "campus_code": "",
        "atco_code": "4200F204101",
        "sms_code": "waradpmg",
        "services": "U1, U1A",
        "route_count": 2
      }
    },
    {
      "type": "Feature",
      "geometry": {
        "type": "Point",
        "coordinates": [
          -1.534099172,
          52.269085967
        ]
      },
      "properties": {
        "name": "Montgomery Road",
        "campus_code": "",
        "atco_code": "4200F227902",
        "sms_code": "waraptam",
        "services": "U1, U1A",
        "route_count": 2
      }
    },
    {
      "type": "Feature",
      "geometry": {
        "type": "Point",
        "coordinates": [
          -1.89221,
          52.47842
        ]
      },
      "properties": {
        "name": "Moor St Selfridges",
        "campus_code": "",
        "atco_code": "43002104304",
        "sms_code": "nwmwtwja",
        "services": "X1",
        "route_count": 1
      }
    },
    {
      "type": "Feature",
      "geometry": {
        "type": "Point",
        "coordinates": [
          -1.43588,
          52.39853
        ]
      },
      "properties": {
        "name": "Morrisons Binley",
        "campus_code": "",
        "atco_code": "43000134501",
        "sms_code": "nwmwgtwa",
        "services": "60",
        "route_count": 1
      }
    },
    {
      "type": "Feature",
      "geometry": {
        "type": "Point",
        "coordinates": [
          -1.43586,
          52.39841
        ]
      },
      "properties": {
        "name": "Morrisons Binley",
        "campus_code": "",
        "atco_code": "43000134502",
        "sms_code": "nwmwgtwd",
        "services": "60",
        "route_count": 1
      }
    },
    {
      "type": "Feature",
      "geometry": {
        "type": "Point",
        "coordinates": [
          -1.5336,
          52.41453
        ]
      },
      "properties": {
        "name": "Moseley Avenue",
        "campus_code": "",
        "atco_code": "43000081101",
        "sms_code": "nwmadawj",
        "services": "X1",
        "route_count": 1
      }
    },
    {
      "type": "Feature",
      "geometry": {
        "type": "Point",
        "coordinates": [
          -1.53286,
          52.41442
        ]
      },
      "properties": {
        "name": "Moseley Avenue",
        "campus_code": "",
        "atco_code": "43000081102",
        "sms_code": "nwmadawm",
        "services": "X1",
        "route_count": 1
      }
    },
    {
      "type": "Feature",
      "geometry": {
        "type": "Point",
        "coordinates": [
          -1.53485,
          52.40828
        ]
      },
      "properties": {
        "name": "Mount Street",
        "campus_code": "",
        "atco_code": "43000070401",
        "sms_code": "nwmdwtpw",
        "services": "14",
        "route_count": 1
      }
    },
    {
      "type": "Feature",
      "geometry": {
        "type": "Point",
        "coordinates": [
          -1.53525,
          52.40818
        ]
      },
      "properties": {
        "name": "Mount Street",
        "campus_code": "",
        "atco_code": "43000070402",
        "sms_code": "nwmdwtwa",
        "services": "14, 14A",
        "route_count": 2
      }
    },
    {
      "type": "Feature",
      "geometry": {
        "type": "Point",
        "coordinates": [
          -1.61725,
          52.38974
        ]
      },
      "properties": {
        "name": "Nailcote Lane",
        "campus_code": "",
        "atco_code": "43000102501",
        "sms_code": "nwmgapgt",
        "services": "87",
        "route_count": 1
      }
    },
    {
      "type": "Feature",
      "geometry": {
        "type": "Point",
        "coordinates": [
          -1.61717,
          52.38987
        ]
      },
      "properties": {
        "name": "Nailcote Lane",
        "campus_code": "",
        "atco_code": "43000102502",
        "sms_code": "nwmgapgw",
        "services": "87",
        "route_count": 1
      }
    },
    {
      "type": "Feature",
      "geometry": {
        "type": "Point",
        "coordinates": [
          -1.51533,
          52.41293
        ]
      },
      "properties": {
        "name": "Nauls Mill House",
        "campus_code": "",
        "atco_code": "43000010001",
        "sms_code": "nwmptjwg",
        "services": "15",
        "route_count": 1
      }
    },
    {
      "type": "Feature",
      "geometry": {
        "type": "Point",
        "coordinates": [
          -1.5148,
          52.41363
        ]
      },
      "properties": {
        "name": "Nauls Mill House",
        "campus_code": "",
        "atco_code": "43000010003",
        "sms_code": "nwmptjwm",
        "services": "15",
        "route_count": 1
      }
    },
    {
      "type": "Feature",
      "geometry": {
        "type": "Point",
        "coordinates": [
          -1.56885,
          52.42506
        ]
      },
      "properties": {
        "name": "Neale Avenue",
        "campus_code": "",
        "atco_code": "43000084501",
        "sms_code": "nwmadgdp",
        "services": "X1",
        "route_count": 1
      }
    },
    {
      "type": "Feature",
      "geometry": {
        "type": "Point",
        "coordinates": [
          -1.5674,
          52.4247
        ]
      },
      "properties": {
        "name": "Neale Avenue",
        "campus_code": "",
        "atco_code": "43000084502",
        "sms_code": "nwmadgdt",
        "services": "X1",
        "route_count": 1
      }
    },
    {
      "type": "Feature",
      "geometry": {
        "type": "Point",
        "coordinates": [
          -1.66679,
          52.38854
        ]
      },
      "properties": {
        "name": "Needlers End Lane",
        "campus_code": "",
        "atco_code": "43000109201",
        "sms_code": "nwmgatam",
        "services": "87",
        "route_count": 1
      }
    },
    {
      "type": "Feature",
      "geometry": {
        "type": "Point",
        "coordinates": [
          -1.66595,
          52.38842
        ]
      },
      "properties": {
        "name": "Needlers End Lane",
        "campus_code": "",
        "atco_code": "43000109202",
        "sms_code": "nwmgatap",
        "services": "87",
        "route_count": 1
      }
    },
    {
      "type": "Feature",
      "geometry": {
        "type": "Point",
        "coordinates": [
          -1.47087,
          52.43966
        ]
      },
      "properties": {
        "name": "North Point Church",
        "campus_code": "",
        "atco_code": "43000025501",
        "sms_code": "nwmpwdpm",
        "services": "21",
        "route_count": 1
      }
    },
    {
      "type": "Feature",
      "geometry": {
        "type": "Point",
        "coordinates": [
          -1.47093,
          52.43976
        ]
      },
      "properties": {
        "name": "North Point Church",
        "campus_code": "",
        "atco_code": "43000025502",
        "sms_code": "nwmtgmtd",
        "services": "21",
        "route_count": 1
      }
    },
    {
      "type": "Feature",
      "geometry": {
        "type": "Point",
        "coordinates": [
          -1.56074,
          52.39109
        ]
      },
      "properties": {
        "name": "Northfolk Terrace",
        "campus_code": "",
        "atco_code": "43000066201",
        "sms_code": "nwmdwpwp",
        "services": "14, 14A",
        "route_count": 2
      }
    },
    {
      "type": "Feature",
      "geometry": {
        "type": "Point",
        "coordinates": [
          -1.56088,
          52.39096
        ]
      },
      "properties": {
        "name": "Northfolk Terrace",
        "campus_code": "",
        "atco_code": "43000066202",
        "sms_code": "nwmdwpwt",
        "services": "87",
        "route_count": 1
      }
    },
    {
      "type": "Feature",
      "geometry": {
        "type": "Point",
        "coordinates": [
          -1.53695636,
          52.302891845
        ]
      },
      "properties": {
        "name": "Northumberland Road",
        "campus_code": "",
        "atco_code": "4200F149701",
        "sms_code": "waradtpw",
        "services": "11, U1, U1A",
        "route_count": 3
      }
    },
    {
      "type": "Feature",
      "geometry": {
        "type": "Point",
        "coordinates": [
          -1.537276645,
          52.303117857
        ]
      },
      "properties": {
        "name": "Northumberland Road",
        "campus_code": "",
        "atco_code": "4200F149702",
        "sms_code": "waradtwa",
        "services": "11, U1, U1A",
        "route_count": 3
      }
    },
    {
      "type": "Feature",
      "geometry": {
        "type": "Point",
        "coordinates": [
          -1.55681,
          52.4219
        ]
      },
      "properties": {
        "name": "Norton Grange",
        "campus_code": "",
        "atco_code": "43000084201",
        "sms_code": "nwmadgaw",
        "services": "X1",
        "route_count": 1
      }
    },
    {
      "type": "Feature",
      "geometry": {
        "type": "Point",
        "coordinates": [
          -1.55673,
          52.42174
        ]
      },
      "properties": {
        "name": "Norton Grange",
        "campus_code": "",
        "atco_code": "43000084202",
        "sms_code": "nwmadgda",
        "services": "X1",
        "route_count": 1
      }
    },
    {
      "type": "Feature",
      "geometry": {
        "type": "Point",
        "coordinates": [
          -1.538745586,
          52.308535758
        ]
      },
      "properties": {
        "name": "Oak Bank House",
        "campus_code": "",
        "atco_code": "4200F149601",
        "sms_code": "waradtpt",
        "services": "11, U1, U1A",
        "route_count": 3
      }
    },
    {
      "type": "Feature",
      "geometry": {
        "type": "Point",
        "coordinates": [
          -1.60158,
          52.4328
        ]
      },
      "properties": {
        "name": "Oak Lane",
        "campus_code": "",
        "atco_code": "43000086401",
        "sms_code": "nwmadgjm",
        "services": "X1",
        "route_count": 1
      }
    },
    {
      "type": "Feature",
      "geometry": {
        "type": "Point",
        "coordinates": [
          -1.47347,
          52.43597
        ]
      },
      "properties": {
        "name": "Old Church Road",
        "campus_code": "",
        "atco_code": "43001030001",
        "sms_code": "nwmpjmgp",
        "services": "21",
        "route_count": 1
      }
    },
    {
      "type": "Feature",
      "geometry": {
        "type": "Point",
        "coordinates": [
          -1.50812,
          52.41064
        ]
      },
      "properties": {
        "name": "Old Fire Station",
        "campus_code": "",
        "atco_code": "43001025501",
        "sms_code": "nwmwajwm",
        "services": "21",
        "route_count": 1
      }
    },
    {
      "type": "Feature",
      "geometry": {
        "type": "Point",
        "coordinates": [
          -1.6723,
          52.39103
        ]
      },
      "properties": {
        "name": "Old Saracens Head",
        "campus_code": "",
        "atco_code": "43000109301",
        "sms_code": "nwmgatat",
        "services": "87",
        "route_count": 1
      }
    },
    {
      "type": "Feature",
      "geometry": {
        "type": "Point",
        "coordinates": [
          -1.67205,
          52.39113
        ]
      },
      "properties": {
        "name": "Old Saracens Head",
        "campus_code": "",
        "atco_code": "43000109302",
        "sms_code": "nwmgataw",
        "services": "87",
        "route_count": 1
      }
    },
    {
      "type": "Feature",
      "geometry": {
        "type": "Point",
        "coordinates": [
          -1.58678,
          52.41725
        ]
      },
      "properties": {
        "name": "Osbaston Close",
        "campus_code": "",
        "atco_code": "43000075501",
        "sms_code": "nwmgagpw",
        "services": "14, 14A",
        "route_count": 2
      }
    },
    {
      "type": "Feature",
      "geometry": {
        "type": "Point",
        "coordinates": [
          -1.58638,
          52.41724
        ]
      },
      "properties": {
        "name": "Osbaston Close",
        "campus_code": "",
        "atco_code": "43000075502",
        "sms_code": "nwmgagta",
        "services": "14",
        "route_count": 1
      }
    },
    {
      "type": "Feature",
      "geometry": {
        "type": "Point",
        "coordinates": [
          -1.5535,
          52.40894
        ]
      },
      "properties": {
        "name": "Overdale Road",
        "campus_code": "",
        "atco_code": "43000081001",
        "sms_code": "nwmgajpg",
        "services": "14, 14A",
        "route_count": 2
      }
    },
    {
      "type": "Feature",
      "geometry": {
        "type": "Point",
        "coordinates": [
          -1.55328,
          52.40902
        ]
      },
      "properties": {
        "name": "Overdale Road",
        "campus_code": "",
        "atco_code": "43000081002",
        "sms_code": "nwmgajpj",
        "services": "14",
        "route_count": 1
      }
    },
    {
      "type": "Feature",
      "geometry": {
        "type": "Point",
        "coordinates": [
          -1.51665,
          52.43128
        ]
      },
      "properties": {
        "name": "Owenford Road",
        "campus_code": "",
        "atco_code": "43000012201",
        "sms_code": "nwmptmtj",
        "services": "15",
        "route_count": 1
      }
    },
    {
      "type": "Feature",
      "geometry": {
        "type": "Point",
        "coordinates": [
          -1.67109,
          52.44509
        ]
      },
      "properties": {
        "name": "Packington Hall",
        "campus_code": "",
        "atco_code": "43000190101",
        "sms_code": "nwmtpdtw",
        "services": "X1",
        "route_count": 1
      }
    },
    {
      "type": "Feature",
      "geometry": {
        "type": "Point",
        "coordinates": [
          -1.671,
          52.44467
        ]
      },
      "properties": {
        "name": "Packington Hall",
        "campus_code": "",
        "atco_code": "43000190102",
        "sms_code": "nwmagpjp",
        "services": "X1",
        "route_count": 1
      }
    },
    {
      "type": "Feature",
      "geometry": {
        "type": "Point",
        "coordinates": [
          -1.47012,
          52.44103
        ]
      },
      "properties": {
        "name": "Palm Tree Avenue",
        "campus_code": "",
        "atco_code": "43000022001",
        "sms_code": "nwmtmdga",
        "services": "21",
        "route_count": 1
      }
    },
    {
      "type": "Feature",
      "geometry": {
        "type": "Point",
        "coordinates": [
          -1.49666,
          52.4211
        ]
      },
      "properties": {
        "name": "Paragon Way",
        "campus_code": "",
        "atco_code": "43000021401",
        "sms_code": "nwmpwama",
        "services": "21",
        "route_count": 1
      }
    },
    {
      "type": "Feature",
      "geometry": {
        "type": "Point",
        "coordinates": [
          -1.49704,
          52.42034
        ]
      },
      "properties": {
        "name": "Paragon Way",
        "campus_code": "",
        "atco_code": "43000021402",
        "sms_code": "nwmpwamd",
        "services": "21",
        "route_count": 1
      }
    },
    {
      "type": "Feature",
      "geometry": {
        "type": "Point",
        "coordinates": [
          -1.533013329,
          52.285965544
        ]
      },
      "properties": {
        "name": "Parish Church",
        "campus_code": "",
        "atco_code": "4200F035800",
        "sms_code": "warapmta",
        "services": "11, U1, U1A",
        "route_count": 3
      }
    },
    {
      "type": "Feature",
      "geometry": {
        "type": "Point",
        "coordinates": [
          -1.533333,
          52.286236517
        ]
      },
      "properties": {
        "name": "Parish Church Stand B",
        "campus_code": "",
        "atco_code": "4200F226401",
        "sms_code": "wardawda",
        "services": "11, U1, U1A",
        "route_count": 3
      }
    },
    {
      "type": "Feature",
      "geometry": {
        "type": "Point",
        "coordinates": [
          -1.50826,
          52.40275
        ]
      },
      "properties": {
        "name": "Park Road",
        "campus_code": "",
        "atco_code": "43000006001",
        "sms_code": "nwmptamj",
        "services": "21",
        "route_count": 1
      }
    },
    {
      "type": "Feature",
      "geometry": {
        "type": "Point",
        "coordinates": [
          -1.50796,
          52.4027
        ]
      },
      "properties": {
        "name": "Park Road",
        "campus_code": "",
        "atco_code": "43000006003",
        "sms_code": "nwmptamp",
        "services": "21",
        "route_count": 1
      }
    },
    {
      "type": "Feature",
      "geometry": {
        "type": "Point",
        "coordinates": [
          -1.57369,
          52.42105
        ]
      },
      "properties": {
        "name": "Parkhill Estate Terminus",
        "campus_code": "",
        "atco_code": "43000073901",
        "sms_code": "nwmadatj",
        "services": "X1",
        "route_count": 1
      }
    },
    {
      "type": "Feature",
      "geometry": {
        "type": "Point",
        "coordinates": [
          -1.49059,
          52.4414
        ]
      },
      "properties": {
        "name": "Parkstone Road",
        "campus_code": "",
        "atco_code": "43000024201",
        "sms_code": "nwmpwdgj",
        "services": "60",
        "route_count": 1
      }
    },
    {
      "type": "Feature",
      "geometry": {
        "type": "Point",
        "coordinates": [
          -1.4901,
          52.44186
        ]
      },
      "properties": {
        "name": "Parkstone Road",
        "campus_code": "",
        "atco_code": "43000024202",
        "sms_code": "nwmpwdgm",
        "services": "60",
        "route_count": 1
      }
    },
    {
      "type": "Feature",
      "geometry": {
        "type": "Point",
        "coordinates": [
          -1.43963,
          52.41698
        ]
      },
      "properties": {
        "name": "Pearl Hyde School",
        "campus_code": "",
        "atco_code": "43000045801",
        "sms_code": "nwmdwamw",
        "services": "60",
        "route_count": 1
      }
    },
    {
      "type": "Feature",
      "geometry": {
        "type": "Point",
        "coordinates": [
          -1.43975,
          52.41686
        ]
      },
      "properties": {
        "name": "Pearl Hyde School",
        "campus_code": "",
        "atco_code": "43000045802",
        "sms_code": "nwmdwapa",
        "services": "60",
        "route_count": 1
      }
    },
    {
      "type": "Feature",
      "geometry": {
        "type": "Point",
        "coordinates": [
          -1.49614,
          52.42197
        ]
      },
      "properties": {
        "name": "Peel Street",
        "campus_code": "",
        "atco_code": "43000021501",
        "sms_code": "nwmpwamg",
        "services": "21",
        "route_count": 1
      }
    },
    {
      "type": "Feature",
      "geometry": {
        "type": "Point",
        "coordinates": [
          -1.49587,
          52.42206
        ]
      },
      "properties": {
        "name": "Peel Street",
        "campus_code": "",
        "atco_code": "43000021502",
        "sms_code": "nwmpwamj",
        "services": "21",
        "route_count": 1
      }
    },
    {
      "type": "Feature",
      "geometry": {
        "type": "Point",
        "coordinates": [
          -1.60117,
          52.38701
        ]
      },
      "properties": {
        "name": "Peeping Tom",
        "campus_code": "",
        "atco_code": "43000102101",
        "sms_code": "nwmwgjpt",
        "services": "87",
        "route_count": 1
      }
    },
    {
      "type": "Feature",
      "geometry": {
        "type": "Point",
        "coordinates": [
          -1.60106,
          52.38735
        ]
      },
      "properties": {
        "name": "Peeping Tom",
        "campus_code": "",
        "atco_code": "43000102102",
        "sms_code": "nwmwgjpw",
        "services": "87",
        "route_count": 1
      }
    },
    {
      "type": "Feature",
      "geometry": {
        "type": "Point",
        "coordinates": [
          -1.52064,
          52.44643
        ]
      },
      "properties": {
        "name": "Penny Park Lane",
        "campus_code": "",
        "atco_code": "43001056502",
        "sms_code": "nwmpjmtg",
        "services": "15",
        "route_count": 1
      }
    },
    {
      "type": "Feature",
      "geometry": {
        "type": "Point",
        "coordinates": [
          -1.52049,
          52.44637
        ]
      },
      "properties": {
        "name": "Penny Park Lane",
        "campus_code": "",
        "atco_code": "43001056503",
        "sms_code": "nwmtpgwg",
        "services": "15",
        "route_count": 1
      }
    },
    {
      "type": "Feature",
      "geometry": {
        "type": "Point",
        "coordinates": [
          -1.85824,
          52.46424
        ]
      },
      "properties": {
        "name": "Poets Corner",
        "campus_code": "",
        "atco_code": "43001358301",
        "sms_code": "nwmdmpdw",
        "services": "X1",
        "route_count": 1
      }
    },
    {
      "type": "Feature",
      "geometry": {
        "type": "Point",
        "coordinates": [
          -1.85852,
          52.46392
        ]
      },
      "properties": {
        "name": "Poets Corner",
        "campus_code": "",
        "atco_code": "43001358302",
        "sms_code": "nwmdmpga",
        "services": "X1",
        "route_count": 1
      }
    },
    {
      "type": "Feature",
      "geometry": {
        "type": "Point",
        "coordinates": [
          -1.50625,
          52.41046
        ]
      },
      "properties": {
        "name": "Pool Meadow Bus Station",
        "campus_code": "",
        "atco_code": "43000005005",
        "sms_code": "nwmadajm",
        "services": "87",
        "route_count": 1
      }
    },
    {
      "type": "Feature",
      "geometry": {
        "type": "Point",
        "coordinates": [
          -1.50671,
          52.40998
        ]
      },
      "properties": {
        "name": "Pool Meadow Bus Station",
        "campus_code": "",
        "atco_code": "43000005008",
        "sms_code": "nwmadajw",
        "services": "X1",
        "route_count": 1
      }
    },
    {
      "type": "Feature",
      "geometry": {
        "type": "Point",
        "coordinates": [
          -1.5068,
          52.41057
        ]
      },
      "properties": {
        "name": "Pool Meadow Bus Station",
        "campus_code": "",
        "atco_code": "43000005010",
        "sms_code": "nwmadamd",
        "services": "11",
        "route_count": 1
      }
    },
    {
      "type": "Feature",
      "geometry": {
        "type": "Point",
        "coordinates": [
          -1.50682,
          52.41075
        ]
      },
      "properties": {
        "name": "Pool Meadow Bus Station",
        "campus_code": "",
        "atco_code": "43000005017",
        "sms_code": "nwmadapd",
        "services": "14, 14A",
        "route_count": 2
      }
    },
    {
      "type": "Feature",
      "geometry": {
        "type": "Point",
        "coordinates": [
          -1.50683,
          52.41045
        ]
      },
      "properties": {
        "name": "Pool Meadow Bus Station",
        "campus_code": "",
        "atco_code": "43000005020",
        "sms_code": "nwmadapm",
        "services": "12X",
        "route_count": 1
      }
    },
    {
      "type": "Feature",
      "geometry": {
        "type": "Point",
        "coordinates": [
          -1.51885,
          52.44827
        ]
      },
      "properties": {
        "name": "President Kennedy School",
        "campus_code": "",
        "atco_code": "43001056802",
        "sms_code": "nwmtjagd",
        "services": "15",
        "route_count": 1
      }
    },
    {
      "type": "Feature",
      "geometry": {
        "type": "Point",
        "coordinates": [
          -1.567682316,
          52.356913782
        ]
      },
      "properties": {
        "name": "Princes Drive",
        "campus_code": "",
        "atco_code": "4200F108201",
        "sms_code": "warajwpj",
        "services": "11",
        "route_count": 1
      }
    },
    {
      "type": "Feature",
      "geometry": {
        "type": "Point",
        "coordinates": [
          -1.5606,
          52.3942
        ]
      },
      "properties": {
        "name": "Prior Deram Park",
        "campus_code": "",
        "atco_code": "43000123901",
        "sms_code": "nwmgawmp",
        "services": "12X",
        "route_count": 1
      }
    },
    {
      "type": "Feature",
      "geometry": {
        "type": "Point",
        "coordinates": [
          -1.4795,
          52.42998
        ]
      },
      "properties": {
        "name": "Purcell Road",
        "campus_code": "",
        "atco_code": "43000032901",
        "sms_code": "nwmdtjgw",
        "services": "60",
        "route_count": 1
      }
    },
    {
      "type": "Feature",
      "geometry": {
        "type": "Point",
        "coordinates": [
          -1.47861,
          52.42921
        ]
      },
      "properties": {
        "name": "Purcell Road",
        "campus_code": "",
        "atco_code": "43000032902",
        "sms_code": "nwmdtjma",
        "services": "60",
        "route_count": 1
      }
    },
    {
      "type": "Feature",
      "geometry": {
        "type": "Point",
        "coordinates": [
          -1.51164,
          52.4056
        ]
      },
      "properties": {
        "name": "Quadrant",
        "campus_code": "",
        "atco_code": "43000002101",
        "sms_code": "nwmdptpm",
        "services": "21",
        "route_count": 1
      }
    },
    {
      "type": "Feature",
      "geometry": {
        "type": "Point",
        "coordinates": [
          -1.51131,
          52.40549
        ]
      },
      "properties": {
        "name": "Quadrant",
        "campus_code": "",
        "atco_code": "43000002102",
        "sms_code": "nwmdptpt",
        "services": "11, 12X",
        "route_count": 2
      }
    },
    {
      "type": "Feature",
      "geometry": {
        "type": "Point",
        "coordinates": [
          -1.51172,
          52.40545
        ]
      },
      "properties": {
        "name": "Quadrant",
        "campus_code": "",
        "atco_code": "43000002103",
        "sms_code": "nwmdptpw",
        "services": "12X",
        "route_count": 1
      }
    },
    {
      "type": "Feature",
      "geometry": {
        "type": "Point",
        "coordinates": [
          -1.51195,
          52.40552
        ]
      },
      "properties": {
        "name": "Quadrant",
        "campus_code": "",
        "atco_code": "43000002104",
        "sms_code": "nwmdptwa",
        "services": "21",
        "route_count": 1
      }
    },
    {
      "type": "Feature",
      "geometry": {
        "type": "Point",
        "coordinates": [
          -1.5151,
          52.40509
        ]
      },
      "properties": {
        "name": "Queen Victoria Road",
        "campus_code": "",
        "atco_code": "43000008301",
        "sms_code": "nwmdpwdm",
        "services": "21, 87",
        "route_count": 2
      }
    },
    {
      "type": "Feature",
      "geometry": {
        "type": "Point",
        "coordinates": [
          -1.51472,
          52.40512
        ]
      },
      "properties": {
        "name": "Queen Victoria Road",
        "campus_code": "",
        "atco_code": "43000008302",
        "sms_code": "nwmdpwdp",
        "services": "11, 87",
        "route_count": 2
      }
    },
    {
      "type": "Feature",
      "geometry": {
        "type": "Point",
        "coordinates": [
          -1.5357,
          52.40464
        ]
      },
      "properties": {
        "name": "Queensland Avenue",
        "campus_code": "",
        "atco_code": "43000070804",
        "sms_code": "nwmdwtwt",
        "services": "11",
        "route_count": 1
      }
    },
    {
      "type": "Feature",
      "geometry": {
        "type": "Point",
        "coordinates": [
          -1.51574,
          52.40088
        ]
      },
      "properties": {
        "name": "Rail Station Bridge",
        "campus_code": "",
        "atco_code": "43000008201",
        "sms_code": "nwmdpwdt",
        "services": "11, 12X, 87",
        "route_count": 3
      }
    },
    {
      "type": "Feature",
      "geometry": {
        "type": "Point",
        "coordinates": [
          -1.51612,
          52.40057
        ]
      },
      "properties": {
        "name": "Rail Station Bridge",
        "campus_code": "",
        "atco_code": "43000008203",
        "sms_code": "nwmdpwga",
        "services": "11, 12X, 87",
        "route_count": 3
      }
    },
    {
      "type": "Feature",
      "geometry": {
        "type": "Point",
        "coordinates": [
          -1.554652574,
          52.325318678
        ]
      },
      "properties": {
        "name": "Ramada Hotel",
        "campus_code": "",
        "atco_code": "4200F128611",
        "sms_code": "waradmpg",
        "services": "11, U1, U1A",
        "route_count": 3
      }
    },
    {
      "type": "Feature",
      "geometry": {
        "type": "Point",
        "coordinates": [
          -1.554932068,
          52.325247809
        ]
      },
      "properties": {
        "name": "Ramada Hotel",
        "campus_code": "",
        "atco_code": "4200F128612",
        "sms_code": "waradmpj",
        "services": "11, U1, U1A",
        "route_count": 3
      }
    },
    {
      "type": "Feature",
      "geometry": {
        "type": "Point",
        "coordinates": [
          -1.556885948,
          52.267672236
        ]
      },
      "properties": {
        "name": "Randal Close",
        "campus_code": "",
        "atco_code": "4200F169746",
        "sms_code": "wardptgq",
        "services": "U1",
        "route_count": 1
      }
    },
    {
      "type": "Feature",
      "geometry": {
        "type": "Point",
        "coordinates": [
          -1.55753239,
          52.267503842
        ]
      },
      "properties": {
        "name": "Randal Close",
        "campus_code": "",
        "atco_code": "4200F169751",
        "sms_code": "wardptgr",
        "services": "U1",
        "route_count": 1
      }
    },
    {
      "type": "Feature",
      "geometry": {
        "type": "Point",
        "coordinates": [
          -1.577670739,
          52.341100119
        ]
      },
      "properties": {
        "name": "Randall Road",
        "campus_code": "",
        "atco_code": "4200F109002",
        "sms_code": "warajpgw",
        "services": "11",
        "route_count": 1
      }
    },
    {
      "type": "Feature",
      "geometry": {
        "type": "Point",
        "coordinates": [
          -1.46435,
          52.38538
        ]
      },
      "properties": {
        "name": "Rangemoor",
        "campus_code": "",
        "atco_code": "43000055301",
        "sms_code": "nwmdwjap",
        "services": "21, 60",
        "route_count": 2
      }
    },
    {
      "type": "Feature",
      "geometry": {
        "type": "Point",
        "coordinates": [
          -1.46364,
          52.38595
        ]
      },
      "properties": {
        "name": "Rangemoor",
        "campus_code": "",
        "atco_code": "43000055302",
        "sms_code": "nwmdwjat",
        "services": "21, 60",
        "route_count": 2
      }
    },
    {
      "type": "Feature",
      "geometry": {
        "type": "Point",
        "coordinates": [
          -1.4435,
          52.40413
        ]
      },
      "properties": {
        "name": "Rannock Close",
        "campus_code": "",
        "atco_code": "43001045401",
        "sms_code": "nwmwatmw",
        "services": "60",
        "route_count": 1
      }
    },
    {
      "type": "Feature",
      "geometry": {
        "type": "Point",
        "coordinates": [
          -1.75202,
          52.40684
        ]
      },
      "properties": {
        "name": "Ravenshaw Way",
        "campus_code": "",
        "atco_code": "43000119401",
        "sms_code": "nwmgawdt",
        "services": "87",
        "route_count": 1
      }
    },
    {
      "type": "Feature",
      "geometry": {
        "type": "Point",
        "coordinates": [
          -1.75118,
          52.4067
        ]
      },
      "properties": {
        "name": "Ravenshaw Way",
        "campus_code": "",
        "atco_code": "43000119402",
        "sms_code": "nwmgawdw",
        "services": "87",
        "route_count": 1
      }
    },
    {
      "type": "Feature",
      "geometry": {
        "type": "Point",
        "coordinates": [
          -1.53786,
          52.4161
        ]
      },
      "properties": {
        "name": "Redesdale Avenue",
        "campus_code": "",
        "atco_code": "43000081201",
        "sms_code": "nwmadawp",
        "services": "X1",
        "route_count": 1
      }
    },
    {
      "type": "Feature",
      "geometry": {
        "type": "Point",
        "coordinates": [
          -1.53721,
          52.41601
        ]
      },
      "properties": {
        "name": "Redesdale Avenue",
        "campus_code": "",
        "atco_code": "43000081202",
        "sms_code": "nwmadawt",
        "services": "X1",
        "route_count": 1
      }
    },
    {
      "type": "Feature",
      "geometry": {
        "type": "Point",
        "coordinates": [
          -1.48376,
          52.43096
        ]
      },
      "properties": {
        "name": "Redruth Close",
        "campus_code": "",
        "atco_code": "43000025001",
        "sms_code": "nwmpwdmg",
        "services": "21",
        "route_count": 1
      }
    },
    {
      "type": "Feature",
      "geometry": {
        "type": "Point",
        "coordinates": [
          -1.48374,
          52.43121
        ]
      },
      "properties": {
        "name": "Redruth Close",
        "campus_code": "",
        "atco_code": "43000025002",
        "sms_code": "nwmpwdmj",
        "services": "21",
        "route_count": 1
      }
    },
    {
      "type": "Feature",
      "geometry": {
        "type": "Point",
        "coordinates": [
          -1.535304192,
          52.289795464
        ]
      },
      "properties": {
        "name": "Regent Hotel",
        "campus_code": "",
        "atco_code": "4200F226001",
        "sms_code": "wardawap",
        "services": "11, U1, U1A",
        "route_count": 3
      }
    },
    {
      "type": "Feature",
      "geometry": {
        "type": "Point",
        "coordinates": [
          -1.535653413,
          52.290048566
        ]
      },
      "properties": {
        "name": "Regent Street",
        "campus_code": "",
        "atco_code": "4200F226101",
        "sms_code": "wardawat",
        "services": "11, U1, U1A",
        "route_count": 3
      }
    },
    {
      "type": "Feature",
      "geometry": {
        "type": "Point",
        "coordinates": [
          -1.52854,
          52.38412
        ]
      },
      "properties": {
        "name": "Renaissance Court",
        "campus_code": "",
        "atco_code": "43001061501",
        "sms_code": "nwmpjmwt",
        "services": "60",
        "route_count": 1
      }
    },
    {
      "type": "Feature",
      "geometry": {
        "type": "Point",
        "coordinates": [
          -1.5552,
          52.40254
        ]
      },
      "properties": {
        "name": "Renown Avenue",
        "campus_code": "",
        "atco_code": "43000027801",
        "sms_code": "nwmptjgm",
        "services": "11",
        "route_count": 1
      }
    },
    {
      "type": "Feature",
      "geometry": {
        "type": "Point",
        "coordinates": [
          -1.55552,
          52.40276
        ]
      },
      "properties": {
        "name": "Renown Avenue",
        "campus_code": "",
        "atco_code": "43000027802",
        "sms_code": "nwmtdpgm",
        "services": "11",
        "route_count": 1
      }
    },
    {
      "type": "Feature",
      "geometry": {
        "type": "Point",
        "coordinates": [
          -1.59548,
          52.39821
        ]
      },
      "properties": {
        "name": "Rex Close",
        "campus_code": "",
        "atco_code": "43001770001",
        "sms_code": "nwmwgtmp",
        "services": "14",
        "route_count": 1
      }
    },
    {
      "type": "Feature",
      "geometry": {
        "type": "Point",
        "coordinates": [
          -1.59536,
          52.39735
        ]
      },
      "properties": {
        "name": "Rex Close",
        "campus_code": "",
        "atco_code": "43001770002",
        "sms_code": "nwmwgtmt",
        "services": "14, 14A",
        "route_count": 2
      }
    },
    {
      "type": "Feature",
      "geometry": {
        "type": "Point",
        "coordinates": [
          -1.51355,
          52.3849
        ]
      },
      "properties": {
        "name": "Ridgeway Avenue",
        "campus_code": "",
        "atco_code": "43001059801",
        "sms_code": "nwmtjgwd",
        "services": "60",
        "route_count": 1
      }
    },
    {
      "type": "Feature",
      "geometry": {
        "type": "Point",
        "coordinates": [
          -1.51328,
          52.38515
        ]
      },
      "properties": {
        "name": "Ridgeway Avenue",
        "campus_code": "",
        "atco_code": "43001059802",
        "sms_code": "nwmtjgwg",
        "services": "60",
        "route_count": 1
      }
    },
    {
      "type": "Feature",
      "geometry": {
        "type": "Point",
        "coordinates": [
          -1.47202,
          52.4374
        ]
      },
      "properties": {
        "name": "Riley Square",
        "campus_code": "",
        "atco_code": "43000025401",
        "sms_code": "nwmpwdpa",
        "services": "21",
        "route_count": 1
      }
    },
    {
      "type": "Feature",
      "geometry": {
        "type": "Point",
        "coordinates": [
          -1.47163,
          52.43731
        ]
      },
      "properties": {
        "name": "Riley Square",
        "campus_code": "",
        "atco_code": "43000025403",
        "sms_code": "nwmpwdpg",
        "services": "21",
        "route_count": 1
      }
    },
    {
      "type": "Feature",
      "geometry": {
        "type": "Point",
        "coordinates": [
          -1.51987,
          52.40991
        ]
      },
      "properties": {
        "name": "Ringway",
        "campus_code": "",
        "atco_code": "43000080101",
        "sms_code": "nwmadatm",
        "services": "X1",
        "route_count": 1
      }
    },
    {
      "type": "Feature",
      "geometry": {
        "type": "Point",
        "coordinates": [
          -1.51993,
          52.41007
        ]
      },
      "properties": {
        "name": "Ringway",
        "campus_code": "",
        "atco_code": "43000080102",
        "sms_code": "nwmadatp",
        "services": "X1",
        "route_count": 1
      }
    },
    {
      "type": "Feature",
      "geometry": {
        "type": "Point",
        "coordinates": [
          -1.48555,
          52.3907
        ]
      },
      "properties": {
        "name": "Riverside Close",
        "campus_code": "",
        "atco_code": "43000053301",
        "sms_code": "nwmdwgma",
        "services": "21, 60",
        "route_count": 2
      }
    },
    {
      "type": "Feature",
      "geometry": {
        "type": "Point",
        "coordinates": [
          -1.48669,
          52.3907
        ]
      },
      "properties": {
        "name": "Riverside Close",
        "campus_code": "",
        "atco_code": "43000053302",
        "sms_code": "nwmdwgmd",
        "services": "21, 60",
        "route_count": 2
      }
    },
    {
      "type": "Feature",
      "geometry": {
        "type": "Point",
        "coordinates": [
          -1.52012,
          52.44797
        ]
      },
      "properties": {
        "name": "Rookery Lane",
        "campus_code": "",
        "atco_code": "43000015601",
        "sms_code": "nwmptpmw",
        "services": "15",
        "route_count": 1
      }
    },
    {
      "type": "Feature",
      "geometry": {
        "type": "Point",
        "coordinates": [
          -1.59054,
          52.41818
        ]
      },
      "properties": {
        "name": "Rose Cottage Flats",
        "campus_code": "",
        "atco_code": "43001549401",
        "sms_code": "nwmtptwt",
        "services": "14",
        "route_count": 1
      }
    },
    {
      "type": "Feature",
      "geometry": {
        "type": "Point",
        "coordinates": [
          -1.5903,
          52.41793
        ]
      },
      "properties": {
        "name": "Rose Cottage Flats",
        "campus_code": "",
        "atco_code": "43001549402",
        "sms_code": "nwmtpwad",
        "services": "14, 14A",
        "route_count": 2
      }
    },
    {
      "type": "Feature",
      "geometry": {
        "type": "Point",
        "coordinates": [
          -1.52205,
          52.43269
        ]
      },
      "properties": {
        "name": "Rupert Road",
        "campus_code": "",
        "atco_code": "43000012601",
        "sms_code": "nwmptmwj",
        "services": "15",
        "route_count": 1
      }
    },
    {
      "type": "Feature",
      "geometry": {
        "type": "Point",
        "coordinates": [
          -1.52237,
          52.43315
        ]
      },
      "properties": {
        "name": "Rupert Road",
        "campus_code": "",
        "atco_code": "43000012602",
        "sms_code": "nwmptmwm",
        "services": "15",
        "route_count": 1
      }
    },
    {
      "type": "Feature",
      "geometry": {
        "type": "Point",
        "coordinates": [
          -1.52287,
          52.4388
        ]
      },
      "properties": {
        "name": "Rylston Avenue",
        "campus_code": "",
        "atco_code": "43000015201",
        "sms_code": "nwmptpjw",
        "services": "15",
        "route_count": 1
      }
    },
    {
      "type": "Feature",
      "geometry": {
        "type": "Point",
        "coordinates": [
          -1.52305,
          52.43946
        ]
      },
      "properties": {
        "name": "Rylston Avenue",
        "campus_code": "",
        "atco_code": "43000015202",
        "sms_code": "nwmptpma",
        "services": "15",
        "route_count": 1
      }
    },
    {
      "type": "Feature",
      "geometry": {
        "type": "Point",
        "coordinates": [
          -1.50902,
          52.40997
        ]
      },
      "properties": {
        "name": "Sainsbury's",
        "campus_code": "",
        "atco_code": "43000001001",
        "sms_code": "nwmdpwgw",
        "services": "21",
        "route_count": 1
      }
    },
    {
      "type": "Feature",
      "geometry": {
        "type": "Point",
        "coordinates": [
          -1.4479,
          52.39748
        ]
      },
      "properties": {
        "name": "Sandwick Close",
        "campus_code": "",
        "atco_code": "43000046301",
        "sms_code": "nwmdwatd",
        "services": "60",
        "route_count": 1
      }
    },
    {
      "type": "Feature",
      "geometry": {
        "type": "Point",
        "coordinates": [
          -1.44779,
          52.39733
        ]
      },
      "properties": {
        "name": "Sandwick Close",
        "campus_code": "",
        "atco_code": "43000046302",
        "sms_code": "nwmdwatg",
        "services": "60",
        "route_count": 1
      }
    },
    {
      "type": "Feature",
      "geometry": {
        "type": "Point",
        "coordinates": [
          -1.56495,
          52.3827
        ]
      },
      "properties": {
        "name": "Scarman Road",
        "campus_code": "GH3",
        "atco_code": "43001317101",
        "sms_code": "nwmagpwp",
        "services": "11, 12X, 14, 14A, 60, 87",
        "route_count": 6
      }
    },
    {
      "type": "Feature",
      "geometry": {
        "type": "Point",
        "coordinates": [
          -1.56575,
          52.3832
        ]
      },
      "properties": {
        "name": "Scarman Road",
        "campus_code": "GH4",
        "atco_code": "43001317102",
        "sms_code": "nwmagpwt",
        "services": "11, 12X, 14, 60, 87",
        "route_count": 5
      }
    },
    {
      "type": "Feature",
      "geometry": {
        "type": "Point",
        "coordinates": [
          -1.49794,
          52.38918
        ]
      },
      "properties": {
        "name": "Seneschal Road",
        "campus_code": "",
        "atco_code": "43001060401",
        "sms_code": "nwmtpjma",
        "services": "60",
        "route_count": 1
      }
    },
    {
      "type": "Feature",
      "geometry": {
        "type": "Point",
        "coordinates": [
          -1.56301,
          52.39131
        ]
      },
      "properties": {
        "name": "Sheriff Avenue",
        "campus_code": "",
        "atco_code": "43001055101",
        "sms_code": "nwmptgta",
        "services": "87",
        "route_count": 1
      }
    },
    {
      "type": "Feature",
      "geometry": {
        "type": "Point",
        "coordinates": [
          -1.56314,
          52.3915
        ]
      },
      "properties": {
        "name": "Sheriff Avenue",
        "campus_code": "",
        "atco_code": "43001055102",
        "sms_code": "nwmtgmam",
        "services": "14, 14A",
        "route_count": 2
      }
    },
    {
      "type": "Feature",
      "geometry": {
        "type": "Point",
        "coordinates": [
          -1.57457,
          52.41606
        ]
      },
      "properties": {
        "name": "Shetland Close",
        "campus_code": "",
        "atco_code": "43001073401",
        "sms_code": "nwmtwjtd",
        "services": "14, 14A",
        "route_count": 2
      }
    },
    {
      "type": "Feature",
      "geometry": {
        "type": "Point",
        "coordinates": [
          -1.579934295,
          52.343868183
        ]
      },
      "properties": {
        "name": "Shops",
        "campus_code": "",
        "atco_code": "4200F030500",
        "sms_code": "waragtgw",
        "services": "11",
        "route_count": 1
      }
    },
    {
      "type": "Feature",
      "geometry": {
        "type": "Point",
        "coordinates": [
          -1.62211,
          52.43487
        ]
      },
      "properties": {
        "name": "Showell Lane",
        "campus_code": "",
        "atco_code": "43000100201",
        "sms_code": "nwmadgmg",
        "services": "X1",
        "route_count": 1
      }
    },
    {
      "type": "Feature",
      "geometry": {
        "type": "Point",
        "coordinates": [
          -1.62193,
          52.43498
        ]
      },
      "properties": {
        "name": "Showell Lane",
        "campus_code": "",
        "atco_code": "43000100202",
        "sms_code": "nwmadgmj",
        "services": "X1",
        "route_count": 1
      }
    },
    {
      "type": "Feature",
      "geometry": {
        "type": "Point",
        "coordinates": [
          -1.48011,
          52.43347
        ]
      },
      "properties": {
        "name": "Singer Close",
        "campus_code": "",
        "atco_code": "43000132901",
        "sms_code": "nwmtpjtm",
        "services": "21",
        "route_count": 1
      }
    },
    {
      "type": "Feature",
      "geometry": {
        "type": "Point",
        "coordinates": [
          -1.47958,
          52.43375
        ]
      },
      "properties": {
        "name": "Singer Close",
        "campus_code": "",
        "atco_code": "43000132902",
        "sms_code": "nwmtpjtp",
        "services": "21",
        "route_count": 1
      }
    },
    {
      "type": "Feature",
      "geometry": {
        "type": "Point",
        "coordinates": [
          -1.55363,
          52.39031
        ]
      },
      "properties": {
        "name": "Sir Henry Parkes Road",
        "campus_code": "",
        "atco_code": "43000064202",
        "sms_code": "nwmdwpmg",
        "services": "60, 87",
        "route_count": 2
      }
    },
    {
      "type": "Feature",
      "geometry": {
        "type": "Point",
        "coordinates": [
          -1.77106,
          52.41408
        ]
      },
      "properties": {
        "name": "Solihull School",
        "campus_code": "",
        "atco_code": "43000157101",
        "sms_code": "nwmgdmga",
        "services": "87",
        "route_count": 1
      }
    },
    {
      "type": "Feature",
      "geometry": {
        "type": "Point",
        "coordinates": [
          -1.77113,
          52.4139
        ]
      },
      "properties": {
        "name": "Solihull School",
        "campus_code": "",
        "atco_code": "43000157102",
        "sms_code": "nwmgdmgd",
        "services": "87",
        "route_count": 1
      }
    },
    {
      "type": "Feature",
      "geometry": {
        "type": "Point",
        "coordinates": [
          -1.78714,
          52.41463
        ]
      },
      "properties": {
        "name": "Solihull Station",
        "campus_code": "",
        "atco_code": "43000156406",
        "sms_code": "nwmadpwp",
        "services": "87",
        "route_count": 1
      }
    },
    {
      "type": "Feature",
      "geometry": {
        "type": "Point",
        "coordinates": [
          -1.77985,
          52.41393
        ]
      },
      "properties": {
        "name": "Solihull Town Centre",
        "campus_code": "",
        "atco_code": "43000158104",
        "sms_code": "nwmadtda",
        "services": "87",
        "route_count": 1
      }
    },
    {
      "type": "Feature",
      "geometry": {
        "type": "Point",
        "coordinates": [
          -1.77914,
          52.41431
        ]
      },
      "properties": {
        "name": "Solihull Town Centre",
        "campus_code": "",
        "atco_code": "43000158108",
        "sms_code": "nwmdmjma",
        "services": "87",
        "route_count": 1
      }
    },
    {
      "type": "Feature",
      "geometry": {
        "type": "Point",
        "coordinates": [
          -1.66048,
          52.44194
        ]
      },
      "properties": {
        "name": "Somers Road",
        "campus_code": "",
        "atco_code": "43000100702",
        "sms_code": "nwmadgpw",
        "services": "X1",
        "route_count": 1
      }
    },
    {
      "type": "Feature",
      "geometry": {
        "type": "Point",
        "coordinates": [
          -1.51377,
          52.41848
        ]
      },
      "properties": {
        "name": "Somerset Road",
        "campus_code": "",
        "atco_code": "43001003001",
        "sms_code": "nwmwgapt",
        "services": "15",
        "route_count": 1
      }
    },
    {
      "type": "Feature",
      "geometry": {
        "type": "Point",
        "coordinates": [
          -1.54263,
          52.41732
        ]
      },
      "properties": {
        "name": "Southbank Road",
        "campus_code": "",
        "atco_code": "43000083101",
        "sms_code": "nwmadgad",
        "services": "X1",
        "route_count": 1
      }
    },
    {
      "type": "Feature",
      "geometry": {
        "type": "Point",
        "coordinates": [
          -1.54098,
          52.41705
        ]
      },
      "properties": {
        "name": "Southbank Road",
        "campus_code": "",
        "atco_code": "43000083102",
        "sms_code": "nwmadgag",
        "services": "X1",
        "route_count": 1
      }
    },
    {
      "type": "Feature",
      "geometry": {
        "type": "Point",
        "coordinates": [
          -1.46964,
          52.44132
        ]
      },
      "properties": {
        "name": "Sowe Way",
        "campus_code": "",
        "atco_code": "43000026002",
        "sms_code": "nwmpwdtp",
        "services": "21",
        "route_count": 1
      }
    },
    {
      "type": "Feature",
      "geometry": {
        "type": "Point",
        "coordinates": [
          -1.52072,
          52.3994
        ]
      },
      "properties": {
        "name": "Spencer Avenue",
        "campus_code": "",
        "atco_code": "43001061002",
        "sms_code": "nwmpjmwp",
        "services": "11",
        "route_count": 1
      }
    },
    {
      "type": "Feature",
      "geometry": {
        "type": "Point",
        "coordinates": [
          -1.52013,
          52.39958
        ]
      },
      "properties": {
        "name": "Spencer Park",
        "campus_code": "",
        "atco_code": "43000060001",
        "sms_code": "nwmdwmgd",
        "services": "11",
        "route_count": 1
      }
    },
    {
      "type": "Feature",
      "geometry": {
        "type": "Point",
        "coordinates": [
          -1.53849,
          52.38285
        ]
      },
      "properties": {
        "name": "Spinney Path",
        "campus_code": "",
        "atco_code": "43000061401",
        "sms_code": "nwmdwmtw",
        "services": "12X",
        "route_count": 1
      }
    },
    {
      "type": "Feature",
      "geometry": {
        "type": "Point",
        "coordinates": [
          -1.53914,
          52.38188
        ]
      },
      "properties": {
        "name": "Spinney Path",
        "campus_code": "",
        "atco_code": "43000061402",
        "sms_code": "nwmdwmwa",
        "services": "12X",
        "route_count": 1
      }
    },
    {
      "type": "Feature",
      "geometry": {
        "type": "Point",
        "coordinates": [
          -1.5512,
          52.40275
        ]
      },
      "properties": {
        "name": "Spring Place",
        "campus_code": "",
        "atco_code": "43000003801",
        "sms_code": "nwmpmwpw",
        "services": "11",
        "route_count": 1
      }
    },
    {
      "type": "Feature",
      "geometry": {
        "type": "Point",
        "coordinates": [
          -1.55126,
          52.40264
        ]
      },
      "properties": {
        "name": "Spring Place",
        "campus_code": "",
        "atco_code": "43000003802",
        "sms_code": "nwmtgdjm",
        "services": "11",
        "route_count": 1
      }
    },
    {
      "type": "Feature",
      "geometry": {
        "type": "Point",
        "coordinates": [
          -1.4633,
          52.38871
        ]
      },
      "properties": {
        "name": "St Bernards Walk",
        "campus_code": "",
        "atco_code": "43000055601",
        "sms_code": "nwmdwjdm",
        "services": "60",
        "route_count": 1
      }
    },
    {
      "type": "Feature",
      "geometry": {
        "type": "Point",
        "coordinates": [
          -1.46302,
          52.38882
        ]
      },
      "properties": {
        "name": "St Bernards Walk",
        "campus_code": "",
        "atco_code": "43000055602",
        "sms_code": "nwmtmtjw",
        "services": "21, 60",
        "route_count": 2
      }
    },
    {
      "type": "Feature",
      "geometry": {
        "type": "Point",
        "coordinates": [
          -1.46382,
          52.43865
        ]
      },
      "properties": {
        "name": "St Chad's Church",
        "campus_code": "",
        "atco_code": "43000037101",
        "sms_code": "nwmdtmwj",
        "services": "21",
        "route_count": 1
      }
    },
    {
      "type": "Feature",
      "geometry": {
        "type": "Point",
        "coordinates": [
          -1.46396,
          52.43812
        ]
      },
      "properties": {
        "name": "St Chad's Church",
        "campus_code": "",
        "atco_code": "43000037102",
        "sms_code": "nwmdtmwm",
        "services": "21",
        "route_count": 1
      }
    },
    {
      "type": "Feature",
      "geometry": {
        "type": "Point",
        "coordinates": [
          -1.51979,
          52.43112
        ]
      },
      "properties": {
        "name": "St Francis Church",
        "campus_code": "",
        "atco_code": "43001058501",
        "sms_code": "nwmptgtw",
        "services": "15",
        "route_count": 1
      }
    },
    {
      "type": "Feature",
      "geometry": {
        "type": "Point",
        "coordinates": [
          -1.45801,
          52.41396
        ]
      },
      "properties": {
        "name": "St Ives Road",
        "campus_code": "",
        "atco_code": "43000003402",
        "sms_code": "nwmptjmd",
        "services": "60",
        "route_count": 1
      }
    },
    {
      "type": "Feature",
      "geometry": {
        "type": "Point",
        "coordinates": [
          -1.573145135,
          52.33702028
        ]
      },
      "properties": {
        "name": "St Johns Church",
        "campus_code": "",
        "atco_code": "4200F032200",
        "sms_code": "warapdwj",
        "services": "11",
        "route_count": 1
      }
    },
    {
      "type": "Feature",
      "geometry": {
        "type": "Point",
        "coordinates": [
          -1.51425,
          52.40914
        ]
      },
      "properties": {
        "name": "St Johns Church",
        "campus_code": "",
        "atco_code": "43000003201",
        "sms_code": "nwmdtdag",
        "services": "14, 14A",
        "route_count": 2
      }
    },
    {
      "type": "Feature",
      "geometry": {
        "type": "Point",
        "coordinates": [
          -1.51441,
          52.40904
        ]
      },
      "properties": {
        "name": "St Johns Church",
        "campus_code": "",
        "atco_code": "43000003202",
        "sms_code": "nwmdtdaj",
        "services": "11",
        "route_count": 1
      }
    },
    {
      "type": "Feature",
      "geometry": {
        "type": "Point",
        "coordinates": [
          -1.51456,
          52.40893
        ]
      },
      "properties": {
        "name": "St Johns Church",
        "campus_code": "",
        "atco_code": "43000003203",
        "sms_code": "nwmdtdam",
        "services": "21, 87",
        "route_count": 2
      }
    },
    {
      "type": "Feature",
      "geometry": {
        "type": "Point",
        "coordinates": [
          -1.51444,
          52.40916
        ]
      },
      "properties": {
        "name": "St Johns Church",
        "campus_code": "",
        "atco_code": "43000003206",
        "sms_code": "nwmdtdaw",
        "services": "14, 21",
        "route_count": 2
      }
    },
    {
      "type": "Feature",
      "geometry": {
        "type": "Point",
        "coordinates": [
          -1.574383811,
          52.33794175
        ]
      },
      "properties": {
        "name": "St Johns Street",
        "campus_code": "",
        "atco_code": "4200F032202",
        "sms_code": "warapdwp",
        "services": "11",
        "route_count": 1
      }
    },
    {
      "type": "Feature",
      "geometry": {
        "type": "Point",
        "coordinates": [
          -1.50378,
          52.408
        ]
      },
      "properties": {
        "name": "Starley Gardens",
        "campus_code": "",
        "atco_code": "43001053502",
        "sms_code": "nwmpjmpj",
        "services": "11, 12X",
        "route_count": 2
      }
    },
    {
      "type": "Feature",
      "geometry": {
        "type": "Point",
        "coordinates": [
          -1.50386,
          52.40733
        ]
      },
      "properties": {
        "name": "Starley Gardens",
        "campus_code": "",
        "atco_code": "43001053504",
        "sms_code": "nwmwjata",
        "services": "12X",
        "route_count": 1
      }
    },
    {
      "type": "Feature",
      "geometry": {
        "type": "Point",
        "coordinates": [
          -1.51651,
          52.40665
        ]
      },
      "properties": {
        "name": "Starley Road",
        "campus_code": "",
        "atco_code": "43000009102",
        "sms_code": "nwmdpwat",
        "services": "14",
        "route_count": 1
      }
    },
    {
      "type": "Feature",
      "geometry": {
        "type": "Point",
        "coordinates": [
          -1.5169,
          52.40633
        ]
      },
      "properties": {
        "name": "Starley Road",
        "campus_code": "",
        "atco_code": "43000009104",
        "sms_code": "nwmdpwda",
        "services": "14, 14A",
        "route_count": 2
      }
    },
    {
      "type": "Feature",
      "geometry": {
        "type": "Point",
        "coordinates": [
          -1.49168,
          52.42714
        ]
      },
      "properties": {
        "name": "Station St East",
        "campus_code": "",
        "atco_code": "43000023201",
        "sms_code": "nwmpwawg",
        "services": "21",
        "route_count": 1
      }
    },
    {
      "type": "Feature",
      "geometry": {
        "type": "Point",
        "coordinates": [
          -1.49216,
          52.4267
        ]
      },
      "properties": {
        "name": "Station St East",
        "campus_code": "",
        "atco_code": "43000023202",
        "sms_code": "nwmpwawj",
        "services": "21",
        "route_count": 1
      }
    },
    {
      "type": "Feature",
      "geometry": {
        "type": "Point",
        "coordinates": [
          -1.80278,
          52.46054
        ]
      },
      "properties": {
        "name": "Steyning Road",
        "campus_code": "",
        "atco_code": "43000446202",
        "sms_code": "nwmdapgj",
        "services": "X1",
        "route_count": 1
      }
    },
    {
      "type": "Feature",
      "geometry": {
        "type": "Point",
        "coordinates": [
          -1.80537,
          52.461
        ]
      },
      "properties": {
        "name": "Steyning Road",
        "campus_code": "",
        "atco_code": "43000446203",
        "sms_code": "nwmdapgm",
        "services": "X1",
        "route_count": 1
      }
    },
    {
      "type": "Feature",
      "geometry": {
        "type": "Point",
        "coordinates": [
          -1.5164,
          52.38086
        ]
      },
      "properties": {
        "name": "Stonebridge Highway",
        "campus_code": "",
        "atco_code": "43000054001",
        "sms_code": "nwmdwgpt",
        "services": "60",
        "route_count": 1
      }
    },
    {
      "type": "Feature",
      "geometry": {
        "type": "Point",
        "coordinates": [
          -1.51625,
          52.38086
        ]
      },
      "properties": {
        "name": "Stonebridge Highway",
        "campus_code": "",
        "atco_code": "43000054002",
        "sms_code": "nwmdwgpw",
        "services": "60",
        "route_count": 1
      }
    },
    {
      "type": "Feature",
      "geometry": {
        "type": "Point",
        "coordinates": [
          -1.53125,
          52.39036
        ]
      },
      "properties": {
        "name": "Stoneleigh Avenue",
        "campus_code": "",
        "atco_code": "43000060501",
        "sms_code": "nwmdwmjm",
        "services": "12X, 87",
        "route_count": 2
      }
    },
    {
      "type": "Feature",
      "geometry": {
        "type": "Point",
        "coordinates": [
          -1.53188,
          52.38949
        ]
      },
      "properties": {
        "name": "Stoneleigh Avenue",
        "campus_code": "",
        "atco_code": "43000060502",
        "sms_code": "nwmdwmjp",
        "services": "12X, 87",
        "route_count": 2
      }
    },
    {
      "type": "Feature",
      "geometry": {
        "type": "Point",
        "coordinates": [
          -1.54986,
          52.37111
        ]
      },
      "properties": {
        "name": "Stoneleigh Road",
        "campus_code": "",
        "atco_code": "43000064102",
        "sms_code": "nwmdwpma",
        "services": "12X",
        "route_count": 1
      }
    },
    {
      "type": "Feature",
      "geometry": {
        "type": "Point",
        "coordinates": [
          -1.55013,
          52.3705
        ]
      },
      "properties": {
        "name": "Stoneleigh Road",
        "campus_code": "",
        "atco_code": "43000064103",
        "sms_code": "nwmtmawm",
        "services": "11",
        "route_count": 1
      }
    },
    {
      "type": "Feature",
      "geometry": {
        "type": "Point",
        "coordinates": [
          -1.4707,
          52.38374
        ]
      },
      "properties": {
        "name": "Stretton Academy",
        "campus_code": "",
        "atco_code": "43001059602",
        "sms_code": "nwmpjmwj",
        "services": "21, 60",
        "route_count": 2
      }
    },
    {
      "type": "Feature",
      "geometry": {
        "type": "Point",
        "coordinates": [
          -1.47643,
          52.42713
        ]
      },
      "properties": {
        "name": "Sullivan Road",
        "campus_code": "",
        "atco_code": "43000032801",
        "sms_code": "nwmdtjgp",
        "services": "60",
        "route_count": 1
      }
    },
    {
      "type": "Feature",
      "geometry": {
        "type": "Point",
        "coordinates": [
          -1.47613,
          52.42702
        ]
      },
      "properties": {
        "name": "Sullivan Road",
        "campus_code": "",
        "atco_code": "43000032802",
        "sms_code": "nwmdtjgt",
        "services": "60",
        "route_count": 1
      }
    },
    {
      "type": "Feature",
      "geometry": {
        "type": "Point",
        "coordinates": [
          -1.8129,
          52.46198
        ]
      },
      "properties": {
        "name": "Swan Shopping Centre",
        "campus_code": "",
        "atco_code": "43000445403",
        "sms_code": "nwmdapaw",
        "services": "X1",
        "route_count": 1
      }
    },
    {
      "type": "Feature",
      "geometry": {
        "type": "Point",
        "coordinates": [
          -1.81385,
          52.46156
        ]
      },
      "properties": {
        "name": "Swan Shopping Centre",
        "campus_code": "",
        "atco_code": "43000445404",
        "sms_code": "nwmdapda",
        "services": "X1",
        "route_count": 1
      }
    },
    {
      "type": "Feature",
      "geometry": {
        "type": "Point",
        "coordinates": [
          -1.50567,
          52.41387
        ]
      },
      "properties": {
        "name": "Swanswell Point",
        "campus_code": "",
        "atco_code": "43000007401",
        "sms_code": "nwmptjpm",
        "services": "21",
        "route_count": 1
      }
    },
    {
      "type": "Feature",
      "geometry": {
        "type": "Point",
        "coordinates": [
          -1.50463,
          52.41217
        ]
      },
      "properties": {
        "name": "Swanswell Pool",
        "campus_code": "",
        "atco_code": "43000005402",
        "sms_code": "nwmptjmw",
        "services": "21",
        "route_count": 1
      }
    },
    {
      "type": "Feature",
      "geometry": {
        "type": "Point",
        "coordinates": [
          -1.44401,
          52.39719
        ]
      },
      "properties": {
        "name": "Swindale Croft",
        "campus_code": "",
        "atco_code": "43000044901",
        "sms_code": "nwmdwagt",
        "services": "60",
        "route_count": 1
      }
    },
    {
      "type": "Feature",
      "geometry": {
        "type": "Point",
        "coordinates": [
          -1.44327,
          52.397
        ]
      },
      "properties": {
        "name": "Swindale Croft",
        "campus_code": "",
        "atco_code": "43000044902",
        "sms_code": "nwmdwagw",
        "services": "60",
        "route_count": 1
      }
    },
    {
      "type": "Feature",
      "geometry": {
        "type": "Point",
        "coordinates": [
          -1.575996922,
          52.353437705
        ]
      },
      "properties": {
        "name": "Tainters Hill",
        "campus_code": "",
        "atco_code": "4200F108101",
        "sms_code": "warajwpd",
        "services": "11",
        "route_count": 1
      }
    },
    {
      "type": "Feature",
      "geometry": {
        "type": "Point",
        "coordinates": [
          -1.57626016,
          52.353546531
        ]
      },
      "properties": {
        "name": "Tainters Hill",
        "campus_code": "",
        "atco_code": "4200F108102",
        "sms_code": "warajwpg",
        "services": "11",
        "route_count": 1
      }
    },
    {
      "type": "Feature",
      "geometry": {
        "type": "Point",
        "coordinates": [
          -1.57358,
          52.39269
        ]
      },
      "properties": {
        "name": "Ten Shilling Wood",
        "campus_code": "",
        "atco_code": "43000066701",
        "sms_code": "nwmdwtda",
        "services": "14",
        "route_count": 1
      }
    },
    {
      "type": "Feature",
      "geometry": {
        "type": "Point",
        "coordinates": [
          -1.5727,
          52.39274
        ]
      },
      "properties": {
        "name": "Ten Shilling Wood",
        "campus_code": "",
        "atco_code": "43000066702",
        "sms_code": "nwmdwtdg",
        "services": "14, 14A",
        "route_count": 2
      }
    },
    {
      "type": "Feature",
      "geometry": {
        "type": "Point",
        "coordinates": [
          -1.44432,
          52.41342
        ]
      },
      "properties": {
        "name": "Tesco",
        "campus_code": "",
        "atco_code": "43000035101",
        "sms_code": "nwmdtmdp",
        "services": "60",
        "route_count": 1
      }
    },
    {
      "type": "Feature",
      "geometry": {
        "type": "Point",
        "coordinates": [
          -1.4436,
          52.41262
        ]
      },
      "properties": {
        "name": "Tesco",
        "campus_code": "",
        "atco_code": "43000035102",
        "sms_code": "nwmdtmdt",
        "services": "60",
        "route_count": 1
      }
    },
    {
      "type": "Feature",
      "geometry": {
        "type": "Point",
        "coordinates": [
          -1.49014,
          52.44327
        ]
      },
      "properties": {
        "name": "Tesco Extra",
        "campus_code": "",
        "atco_code": "43001060105",
        "sms_code": "nwmtpmwt",
        "services": "60",
        "route_count": 1
      }
    },
    {
      "type": "Feature",
      "geometry": {
        "type": "Point",
        "coordinates": [
          -1.52745,
          52.4083
        ]
      },
      "properties": {
        "name": "The Arches",
        "campus_code": "",
        "atco_code": "43000070101",
        "sms_code": "nwmdwtmt",
        "services": "14, 14A",
        "route_count": 2
      }
    },
    {
      "type": "Feature",
      "geometry": {
        "type": "Point",
        "coordinates": [
          -1.52734,
          52.40846
        ]
      },
      "properties": {
        "name": "The Arches",
        "campus_code": "",
        "atco_code": "43000070103",
        "sms_code": "nwmdwtpa",
        "services": "14",
        "route_count": 1
      }
    },
    {
      "type": "Feature",
      "geometry": {
        "type": "Point",
        "coordinates": [
          -1.76951,
          52.452
        ]
      },
      "properties": {
        "name": "The Arden Oak",
        "campus_code": "",
        "atco_code": "43000449701",
        "sms_code": "nwmgmtpm",
        "services": "X1",
        "route_count": 1
      }
    },
    {
      "type": "Feature",
      "geometry": {
        "type": "Point",
        "coordinates": [
          -1.5952,
          52.40028
        ]
      },
      "properties": {
        "name": "The Auction House",
        "campus_code": "",
        "atco_code": "43000076701",
        "sms_code": "nwmgajdg",
        "services": "14, 14A",
        "route_count": 2
      }
    },
    {
      "type": "Feature",
      "geometry": {
        "type": "Point",
        "coordinates": [
          -1.59538,
          52.40014
        ]
      },
      "properties": {
        "name": "The Auction House",
        "campus_code": "",
        "atco_code": "43000076702",
        "sms_code": "nwmgajdj",
        "services": "14",
        "route_count": 1
      }
    },
    {
      "type": "Feature",
      "geometry": {
        "type": "Point",
        "coordinates": [
          -1.51472,
          52.38505
        ]
      },
      "properties": {
        "name": "The Chesils",
        "campus_code": "",
        "atco_code": "43000127802",
        "sms_code": "nwmgawpd",
        "services": "60",
        "route_count": 1
      }
    },
    {
      "type": "Feature",
      "geometry": {
        "type": "Point",
        "coordinates": [
          -1.50816,
          52.39741
        ]
      },
      "properties": {
        "name": "The Martyrs' Close",
        "campus_code": "",
        "atco_code": "43000050101",
        "sms_code": "nwmdwdgp",
        "services": "21",
        "route_count": 1
      }
    },
    {
      "type": "Feature",
      "geometry": {
        "type": "Point",
        "coordinates": [
          -1.50845,
          52.398
        ]
      },
      "properties": {
        "name": "The Martyrs' Close",
        "campus_code": "",
        "atco_code": "43000050102",
        "sms_code": "nwmdwdgt",
        "services": "21",
        "route_count": 1
      }
    },
    {
      "type": "Feature",
      "geometry": {
        "type": "Point",
        "coordinates": [
          -1.53991,
          52.40825
        ]
      },
      "properties": {
        "name": "The Maudsley",
        "campus_code": "",
        "atco_code": "43001080001",
        "sms_code": "nwmpjpdj",
        "services": "14",
        "route_count": 1
      }
    },
    {
      "type": "Feature",
      "geometry": {
        "type": "Point",
        "coordinates": [
          -1.53962,
          52.40835
        ]
      },
      "properties": {
        "name": "The Maudsley",
        "campus_code": "",
        "atco_code": "43001080002",
        "sms_code": "nwmpjpdm",
        "services": "14, 14A",
        "route_count": 2
      }
    },
    {
      "type": "Feature",
      "geometry": {
        "type": "Point",
        "coordinates": [
          -1.4983,
          52.39322
        ]
      },
      "properties": {
        "name": "The Mount",
        "campus_code": "",
        "atco_code": "43000050601",
        "sms_code": "nwmdwdjt",
        "services": "21, 60",
        "route_count": 2
      }
    },
    {
      "type": "Feature",
      "geometry": {
        "type": "Point",
        "coordinates": [
          -1.49984,
          52.3934
        ]
      },
      "properties": {
        "name": "The Mount",
        "campus_code": "",
        "atco_code": "43000050602",
        "sms_code": "nwmdwdjw",
        "services": "21",
        "route_count": 1
      }
    },
    {
      "type": "Feature",
      "geometry": {
        "type": "Point",
        "coordinates": [
          -1.49521,
          52.39264
        ]
      },
      "properties": {
        "name": "The Park Paling",
        "campus_code": "",
        "atco_code": "43000050701",
        "sms_code": "nwmdwdma",
        "services": "21, 60",
        "route_count": 2
      }
    },
    {
      "type": "Feature",
      "geometry": {
        "type": "Point",
        "coordinates": [
          -1.49549,
          52.39275
        ]
      },
      "properties": {
        "name": "The Park Paling",
        "campus_code": "",
        "atco_code": "43000050702",
        "sms_code": "nwmdwdmd",
        "services": "21, 60",
        "route_count": 2
      }
    },
    {
      "type": "Feature",
      "geometry": {
        "type": "Point",
        "coordinates": [
          -1.59688,
          52.40926
        ]
      },
      "properties": {
        "name": "The Venue",
        "campus_code": "",
        "atco_code": "43000076501",
        "sms_code": "nwmgajap",
        "services": "14, 14A",
        "route_count": 2
      }
    },
    {
      "type": "Feature",
      "geometry": {
        "type": "Point",
        "coordinates": [
          -1.59707,
          52.40959
        ]
      },
      "properties": {
        "name": "The Venue",
        "campus_code": "",
        "atco_code": "43000076502",
        "sms_code": "nwmgajat",
        "services": "14",
        "route_count": 1
      }
    },
    {
      "type": "Feature",
      "geometry": {
        "type": "Point",
        "coordinates": [
          -1.49137,
          52.44019
        ]
      },
      "properties": {
        "name": "The Wheatsheaf",
        "campus_code": "",
        "atco_code": "43000024101",
        "sms_code": "nwmdtawd",
        "services": "60",
        "route_count": 1
      }
    },
    {
      "type": "Feature",
      "geometry": {
        "type": "Point",
        "coordinates": [
          -1.49141,
          52.43983
        ]
      },
      "properties": {
        "name": "The Wheatsheaf",
        "campus_code": "",
        "atco_code": "43000024102",
        "sms_code": "nwmpwdgd",
        "services": "60",
        "route_count": 1
      }
    },
    {
      "type": "Feature",
      "geometry": {
        "type": "Point",
        "coordinates": [
          -1.7834,
          52.45193
        ]
      },
      "properties": {
        "name": "The Wheatsheaf",
        "campus_code": "",
        "atco_code": "43000447301",
        "sms_code": "nwmdapmj",
        "services": "X1",
        "route_count": 1
      }
    },
    {
      "type": "Feature",
      "geometry": {
        "type": "Point",
        "coordinates": [
          -1.78515,
          52.45258
        ]
      },
      "properties": {
        "name": "The Wheatsheaf",
        "campus_code": "",
        "atco_code": "43000447306",
        "sms_code": "nwmwjdtd",
        "services": "X1",
        "route_count": 1
      }
    },
    {
      "type": "Feature",
      "geometry": {
        "type": "Point",
        "coordinates": [
          -1.64732,
          52.38738
        ]
      },
      "properties": {
        "name": "The White Horse",
        "campus_code": "",
        "atco_code": "43000103301",
        "sms_code": "nwmadgtd",
        "services": "87",
        "route_count": 1
      }
    },
    {
      "type": "Feature",
      "geometry": {
        "type": "Point",
        "coordinates": [
          -1.6471,
          52.3873
        ]
      },
      "properties": {
        "name": "The White Horse",
        "campus_code": "",
        "atco_code": "43000103302",
        "sms_code": "nwmadgtg",
        "services": "87",
        "route_count": 1
      }
    },
    {
      "type": "Feature",
      "geometry": {
        "type": "Point",
        "coordinates": [
          -1.565338845,
          52.332352871
        ]
      },
      "properties": {
        "name": "Thickthorn Island",
        "campus_code": "",
        "atco_code": "4200F109202",
        "sms_code": "warajpjg",
        "services": "11",
        "route_count": 1
      }
    },
    {
      "type": "Feature",
      "geometry": {
        "type": "Point",
        "coordinates": [
          -1.51615,
          52.38366
        ]
      },
      "properties": {
        "name": "Thirsk Road",
        "campus_code": "",
        "atco_code": "43000052701",
        "sms_code": "nwmdwgdj",
        "services": "60",
        "route_count": 1
      }
    },
    {
      "type": "Feature",
      "geometry": {
        "type": "Point",
        "coordinates": [
          -1.516,
          52.38345
        ]
      },
      "properties": {
        "name": "Thirsk Road",
        "campus_code": "",
        "atco_code": "43000052702",
        "sms_code": "nwmdwgdm",
        "services": "60",
        "route_count": 1
      }
    },
    {
      "type": "Feature",
      "geometry": {
        "type": "Point",
        "coordinates": [
          -1.48309,
          52.43897
        ]
      },
      "properties": {
        "name": "Thomas Lane Street",
        "campus_code": "",
        "atco_code": "43000025701",
        "sms_code": "nwmpwdta",
        "services": "60",
        "route_count": 1
      }
    },
    {
      "type": "Feature",
      "geometry": {
        "type": "Point",
        "coordinates": [
          -1.48294,
          52.43893
        ]
      },
      "properties": {
        "name": "Thomas Lane Street",
        "campus_code": "",
        "atco_code": "43000025702",
        "sms_code": "nwmtjadj",
        "services": "60",
        "route_count": 1
      }
    },
    {
      "type": "Feature",
      "geometry": {
        "type": "Point",
        "coordinates": [
          -1.50415,
          52.39832
        ]
      },
      "properties": {
        "name": "Thomas Lansdail Street",
        "campus_code": "",
        "atco_code": "43000050301",
        "sms_code": "nwmdwdja",
        "services": "21",
        "route_count": 1
      }
    },
    {
      "type": "Feature",
      "geometry": {
        "type": "Point",
        "coordinates": [
          -1.50414,
          52.39852
        ]
      },
      "properties": {
        "name": "Thomas Lansdail Street",
        "campus_code": "",
        "atco_code": "43000050302",
        "sms_code": "nwmdwdjd",
        "services": "21",
        "route_count": 1
      }
    },
    {
      "type": "Feature",
      "geometry": {
        "type": "Point",
        "coordinates": [
          -1.59676,
          52.41662
        ]
      },
      "properties": {
        "name": "Thornton Close",
        "campus_code": "",
        "atco_code": "43000005901",
        "sms_code": "nwmpmwtm",
        "services": "14, 14A",
        "route_count": 2
      }
    },
    {
      "type": "Feature",
      "geometry": {
        "type": "Point",
        "coordinates": [
          -1.59673,
          52.41594
        ]
      },
      "properties": {
        "name": "Thornton Close",
        "campus_code": "",
        "atco_code": "43000005902",
        "sms_code": "nwmtpmpj",
        "services": "14",
        "route_count": 1
      }
    },
    {
      "type": "Feature",
      "geometry": {
        "type": "Point",
        "coordinates": [
          -1.59679,
          52.39374
        ]
      },
      "properties": {
        "name": "Tile Hill Rail Station",
        "campus_code": "",
        "atco_code": "43000067601",
        "sms_code": "nwmdwtgw",
        "services": "14",
        "route_count": 1
      }
    },
    {
      "type": "Feature",
      "geometry": {
        "type": "Point",
        "coordinates": [
          -1.59668,
          52.39374
        ]
      },
      "properties": {
        "name": "Tile Hill Rail Station",
        "campus_code": "",
        "atco_code": "43000067602",
        "sms_code": "nwmdwtja",
        "services": "14, 14A",
        "route_count": 2
      }
    },
    {
      "type": "Feature",
      "geometry": {
        "type": "Point",
        "coordinates": [
          -1.46557,
          52.41912
        ]
      },
      "properties": {
        "name": "Tiverton Road",
        "campus_code": "",
        "atco_code": "43000126001",
        "sms_code": "nwmgawmt",
        "services": "60",
        "route_count": 1
      }
    },
    {
      "type": "Feature",
      "geometry": {
        "type": "Point",
        "coordinates": [
          -1.46553,
          52.41921
        ]
      },
      "properties": {
        "name": "Tiverton Road",
        "campus_code": "",
        "atco_code": "43000126002",
        "sms_code": "nwmgawmw",
        "services": "60",
        "route_count": 1
      }
    },
    {
      "type": "Feature",
      "geometry": {
        "type": "Point",
        "coordinates": [
          -1.44911,
          52.39366
        ]
      },
      "properties": {
        "name": "Tom Henderson Close",
        "campus_code": "",
        "atco_code": "43000046501",
        "sms_code": "nwmdwatp",
        "services": "60",
        "route_count": 1
      }
    },
    {
      "type": "Feature",
      "geometry": {
        "type": "Point",
        "coordinates": [
          -1.44951,
          52.39342
        ]
      },
      "properties": {
        "name": "Tom Henderson Close",
        "campus_code": "",
        "atco_code": "43000046502",
        "sms_code": "nwmdwatw",
        "services": "60",
        "route_count": 1
      }
    },
    {
      "type": "Feature",
      "geometry": {
        "type": "Point",
        "coordinates": [
          -1.4794,
          52.38849
        ]
      },
      "properties": {
        "name": "Tonbridge Road",
        "campus_code": "",
        "atco_code": "43000053401",
        "sms_code": "nwmdwgmg",
        "services": "21, 60",
        "route_count": 2
      }
    },
    {
      "type": "Feature",
      "geometry": {
        "type": "Point",
        "coordinates": [
          -1.48015,
          52.38895
        ]
      },
      "properties": {
        "name": "Tonbridge Road",
        "campus_code": "",
        "atco_code": "43000053402",
        "sms_code": "nwmdwgmj",
        "services": "21, 60",
        "route_count": 2
      }
    },
    {
      "type": "Feature",
      "geometry": {
        "type": "Point",
        "coordinates": [
          -1.51659,
          52.39797
        ]
      },
      "properties": {
        "name": "Top Green Park",
        "campus_code": "",
        "atco_code": "43000052201",
        "sms_code": "nwmdwgad",
        "services": "12X, 87",
        "route_count": 2
      }
    },
    {
      "type": "Feature",
      "geometry": {
        "type": "Point",
        "coordinates": [
          -1.51686,
          52.39737
        ]
      },
      "properties": {
        "name": "Top Green Park",
        "campus_code": "",
        "atco_code": "43000052202",
        "sms_code": "nwmdtgwj",
        "services": "12X, 87",
        "route_count": 2
      }
    },
    {
      "type": "Feature",
      "geometry": {
        "type": "Point",
        "coordinates": [
          -1.46834,
          52.4202
        ]
      },
      "properties": {
        "name": "Torcross Avenue",
        "campus_code": "",
        "atco_code": "43000120001",
        "sms_code": "nwmgawgj",
        "services": "60",
        "route_count": 1
      }
    },
    {
      "type": "Feature",
      "geometry": {
        "type": "Point",
        "coordinates": [
          -1.55837,
          52.39968
        ]
      },
      "properties": {
        "name": "Torrington Avenue",
        "campus_code": "",
        "atco_code": "43000072902",
        "sms_code": "nwmgadtm",
        "services": "11",
        "route_count": 1
      }
    },
    {
      "type": "Feature",
      "geometry": {
        "type": "Point",
        "coordinates": [
          -1.57458,
          52.38834
        ]
      },
      "properties": {
        "name": "Torwood Close",
        "campus_code": "",
        "atco_code": "43000065401",
        "sms_code": "nwmdwptg",
        "services": "12X",
        "route_count": 1
      }
    },
    {
      "type": "Feature",
      "geometry": {
        "type": "Point",
        "coordinates": [
          -1.57441,
          52.38825
        ]
      },
      "properties": {
        "name": "Torwood Close",
        "campus_code": "",
        "atco_code": "43000065402",
        "sms_code": "nwmdwptj",
        "services": "12X",
        "route_count": 1
      }
    },
    {
      "type": "Feature",
      "geometry": {
        "type": "Point",
        "coordinates": [
          -1.536801251,
          52.262911225
        ]
      },
      "properties": {
        "name": "Touchstone Road",
        "campus_code": "",
        "atco_code": "4200F126921",
        "sms_code": "waratajp",
        "services": "U1",
        "route_count": 1
      }
    },
    {
      "type": "Feature",
      "geometry": {
        "type": "Point",
        "coordinates": [
          -1.536405095,
          52.262963613
        ]
      },
      "properties": {
        "name": "Touchstone Road",
        "campus_code": "",
        "atco_code": "4200F126922",
        "sms_code": "waratajt",
        "services": "U1",
        "route_count": 1
      }
    },
    {
      "type": "Feature",
      "geometry": {
        "type": "Point",
        "coordinates": [
          -1.50968,
          52.41057
        ]
      },
      "properties": {
        "name": "Transport Museum",
        "campus_code": "",
        "atco_code": "43000001102",
        "sms_code": "nwmadadg",
        "services": "15, 87",
        "route_count": 2
      }
    },
    {
      "type": "Feature",
      "geometry": {
        "type": "Point",
        "coordinates": [
          -1.72232,
          52.44762
        ]
      },
      "properties": {
        "name": "Trinity Park",
        "campus_code": "",
        "atco_code": "43000117002",
        "sms_code": "nwmdptaw",
        "services": "X1",
        "route_count": 1
      }
    },
    {
      "type": "Feature",
      "geometry": {
        "type": "Point",
        "coordinates": [
          -1.53524721,
          52.295243373
        ]
      },
      "properties": {
        "name": "Trinity Street",
        "campus_code": "",
        "atco_code": "4200F129850",
        "sms_code": "warapgta",
        "services": "11, U1, U1A",
        "route_count": 3
      }
    },
    {
      "type": "Feature",
      "geometry": {
        "type": "Point",
        "coordinates": [
          -1.542507069,
          52.260892645
        ]
      },
      "properties": {
        "name": "Turning Circle",
        "campus_code": "",
        "atco_code": "4200F169744",
        "sms_code": "wardptgw",
        "services": "U1",
        "route_count": 1
      }
    },
    {
      "type": "Feature",
      "geometry": {
        "type": "Point",
        "coordinates": [
          -1.50615,
          52.38927
        ]
      },
      "properties": {
        "name": "Ulverscroft Road",
        "campus_code": "",
        "atco_code": "43001102001",
        "sms_code": "nwmwadwd",
        "services": "60",
        "route_count": 1
      }
    },
    {
      "type": "Feature",
      "geometry": {
        "type": "Point",
        "coordinates": [
          -1.50606,
          52.38919
        ]
      },
      "properties": {
        "name": "Ulverscroft Road",
        "campus_code": "",
        "atco_code": "43001102002",
        "sms_code": "nwmwadwg",
        "services": "60",
        "route_count": 1
      }
    },
    {
      "type": "Feature",
      "geometry": {
        "type": "Point",
        "coordinates": [
          -1.56294,
          52.37972
        ]
      },
      "properties": {
        "name": "University Interchange",
        "campus_code": "UW1",
        "atco_code": "43000065301",
        "sms_code": "nwmdwptd",
        "services": "11, 14, 14A, 60",
        "route_count": 4
      }
    },
    {
      "type": "Feature",
      "geometry": {
        "type": "Point",
        "coordinates": [
          -1.56263,
          52.37945
        ]
      },
      "properties": {
        "name": "University Interchange",
        "campus_code": "UW2",
        "atco_code": "43000065302",
        "sms_code": "nwmtwdtm",
        "services": "12X, U1, U1A",
        "route_count": 3
      }
    },
    {
      "type": "Feature",
      "geometry": {
        "type": "Point",
        "coordinates": [
          -1.56268,
          52.37977
        ]
      },
      "properties": {
        "name": "University Interchange",
        "campus_code": "UW3",
        "atco_code": "43000065303",
        "sms_code": "nwmagwdm",
        "services": "12X",
        "route_count": 1
      }
    },
    {
      "type": "Feature",
      "geometry": {
        "type": "Point",
        "coordinates": [
          -1.56252,
          52.37962
        ]
      },
      "properties": {
        "name": "University Interchange",
        "campus_code": "UW4",
        "atco_code": "43000065304",
        "sms_code": "nwmwtwmt",
        "services": "11, 87",
        "route_count": 2
      }
    },
    {
      "type": "Feature",
      "geometry": {
        "type": "Point",
        "coordinates": [
          -1.56235,
          52.37942
        ]
      },
      "properties": {
        "name": "University Interchange",
        "campus_code": "UW5",
        "atco_code": "43000065305",
        "sms_code": "nwmtpamj",
        "services": "U1, U1A",
        "route_count": 2
      }
    },
    {
      "type": "Feature",
      "geometry": {
        "type": "Point",
        "coordinates": [
          -1.535745243,
          52.292485304
        ]
      },
      "properties": {
        "name": "Upper Parade",
        "campus_code": "",
        "atco_code": "4200F036600",
        "sms_code": "wardamjd",
        "services": "11",
        "route_count": 1
      }
    },
    {
      "type": "Feature",
      "geometry": {
        "type": "Point",
        "coordinates": [
          -1.535761032,
          52.292377482
        ]
      },
      "properties": {
        "name": "Upper Parade",
        "campus_code": "",
        "atco_code": "4200F225601",
        "sms_code": "wardawad",
        "services": "U1, U1A",
        "route_count": 2
      }
    },
    {
      "type": "Feature",
      "geometry": {
        "type": "Point",
        "coordinates": [
          -1.53609599,
          52.292594565
        ]
      },
      "properties": {
        "name": "Upper Parade",
        "campus_code": "",
        "atco_code": "4200F225901",
        "sms_code": "wardawam",
        "services": "11, U1, U1A",
        "route_count": 3
      }
    },
    {
      "type": "Feature",
      "geometry": {
        "type": "Point",
        "coordinates": [
          -1.56722,
          52.38438
        ]
      },
      "properties": {
        "name": "Varsity Pitches",
        "campus_code": "GH1",
        "atco_code": "43000065101",
        "sms_code": "nwmdwpmp",
        "services": "11, 12X, 14, 14A, 60, 87",
        "route_count": 6
      }
    },
    {
      "type": "Feature",
      "geometry": {
        "type": "Point",
        "coordinates": [
          -1.56747,
          52.38447
        ]
      },
      "properties": {
        "name": "Varsity Pitches",
        "campus_code": "GH2",
        "atco_code": "43000065102",
        "sms_code": "nwmdwpmt",
        "services": "11, 12X, 14, 60, 87",
        "route_count": 5
      }
    },
    {
      "type": "Feature",
      "geometry": {
        "type": "Point",
        "coordinates": [
          -1.73015,
          52.44583
        ]
      },
      "properties": {
        "name": "Viking Road",
        "campus_code": "",
        "atco_code": "43001697501",
        "sms_code": "nwmwjaja",
        "services": "X1",
        "route_count": 1
      }
    },
    {
      "type": "Feature",
      "geometry": {
        "type": "Point",
        "coordinates": [
          -1.51847,
          52.42511
        ]
      },
      "properties": {
        "name": "Villa Road",
        "campus_code": "",
        "atco_code": "43000010401",
        "sms_code": "nwmptmap",
        "services": "15",
        "route_count": 1
      }
    },
    {
      "type": "Feature",
      "geometry": {
        "type": "Point",
        "coordinates": [
          -1.51858,
          52.42565
        ]
      },
      "properties": {
        "name": "Villa Road",
        "campus_code": "",
        "atco_code": "43000010402",
        "sms_code": "nwmptmat",
        "services": "15",
        "route_count": 1
      }
    },
    {
      "type": "Feature",
      "geometry": {
        "type": "Point",
        "coordinates": [
          -1.52311,
          52.40588
        ]
      },
      "properties": {
        "name": "Vincent Street",
        "campus_code": "",
        "atco_code": "43000009201",
        "sms_code": "nwmptjtd",
        "services": "14, 14A",
        "route_count": 2
      }
    },
    {
      "type": "Feature",
      "geometry": {
        "type": "Point",
        "coordinates": [
          -1.52161,
          52.40572
        ]
      },
      "properties": {
        "name": "Vincent Street",
        "campus_code": "",
        "atco_code": "43000009204",
        "sms_code": "nwmptjtm",
        "services": "14",
        "route_count": 1
      }
    },
    {
      "type": "Feature",
      "geometry": {
        "type": "Point",
        "coordinates": [
          -1.534765165,
          52.288067201
        ]
      },
      "properties": {
        "name": "War Memorial",
        "campus_code": "",
        "atco_code": "4200F123021",
        "sms_code": "warapwmg",
        "services": "11, U1, U1A",
        "route_count": 3
      }
    },
    {
      "type": "Feature",
      "geometry": {
        "type": "Point",
        "coordinates": [
          -1.58245,
          52.39315
        ]
      },
      "properties": {
        "name": "Warren Green",
        "campus_code": "",
        "atco_code": "43000067201",
        "sms_code": "nwmdwtga",
        "services": "14",
        "route_count": 1
      }
    },
    {
      "type": "Feature",
      "geometry": {
        "type": "Point",
        "coordinates": [
          -1.58174,
          52.39329
        ]
      },
      "properties": {
        "name": "Warren Green",
        "campus_code": "",
        "atco_code": "43000067202",
        "sms_code": "nwmdwtgd",
        "services": "14, 14A",
        "route_count": 2
      }
    },
    {
      "type": "Feature",
      "geometry": {
        "type": "Point",
        "coordinates": [
          -1.52623,
          52.3966
        ]
      },
      "properties": {
        "name": "Warwick Avenue",
        "campus_code": "",
        "atco_code": "43000061801",
        "sms_code": "nwmdtdtd",
        "services": "11",
        "route_count": 1
      }
    },
    {
      "type": "Feature",
      "geometry": {
        "type": "Point",
        "coordinates": [
          -1.52738,
          52.39698
        ]
      },
      "properties": {
        "name": "Warwick Avenue",
        "campus_code": "",
        "atco_code": "43000061802",
        "sms_code": "nwmdtdtg",
        "services": "11",
        "route_count": 1
      }
    },
    {
      "type": "Feature",
      "geometry": {
        "type": "Point",
        "coordinates": [
          -1.43324,
          52.39837
        ]
      },
      "properties": {
        "name": "Warwickshire Shopping Park",
        "campus_code": "",
        "atco_code": "43000134601",
        "sms_code": "nwmwgtwg",
        "services": "60",
        "route_count": 1
      }
    },
    {
      "type": "Feature",
      "geometry": {
        "type": "Point",
        "coordinates": [
          -1.60398,
          52.38424
        ]
      },
      "properties": {
        "name": "Water Tower",
        "campus_code": "",
        "atco_code": "43000102201",
        "sms_code": "nwmwgjta",
        "services": "87",
        "route_count": 1
      }
    },
    {
      "type": "Feature",
      "geometry": {
        "type": "Point",
        "coordinates": [
          -1.60435,
          52.38411
        ]
      },
      "properties": {
        "name": "Water Tower",
        "campus_code": "",
        "atco_code": "43000102202",
        "sms_code": "nwmwgjtd",
        "services": "87",
        "route_count": 1
      }
    },
    {
      "type": "Feature",
      "geometry": {
        "type": "Point",
        "coordinates": [
          -1.51152,
          52.4104
        ]
      },
      "properties": {
        "name": "Well Street",
        "campus_code": "",
        "atco_code": "43000003102",
        "sms_code": "nwmadadt",
        "services": "14, 87, X1",
        "route_count": 3
      }
    },
    {
      "type": "Feature",
      "geometry": {
        "type": "Point",
        "coordinates": [
          -1.51125,
          52.41037
        ]
      },
      "properties": {
        "name": "Well Street",
        "campus_code": "",
        "atco_code": "43000003103",
        "sms_code": "nwmadadw",
        "services": "14, 14A",
        "route_count": 2
      }
    },
    {
      "type": "Feature",
      "geometry": {
        "type": "Point",
        "coordinates": [
          -1.77373,
          52.45128
        ]
      },
      "properties": {
        "name": "Wells Road",
        "campus_code": "",
        "atco_code": "43000448201",
        "sms_code": "nwmdaptw",
        "services": "X1",
        "route_count": 1
      }
    },
    {
      "type": "Feature",
      "geometry": {
        "type": "Point",
        "coordinates": [
          -1.7756,
          52.45145
        ]
      },
      "properties": {
        "name": "Wells Road",
        "campus_code": "",
        "atco_code": "43000448202",
        "sms_code": "nwmdapwa",
        "services": "X1",
        "route_count": 1
      }
    },
    {
      "type": "Feature",
      "geometry": {
        "type": "Point",
        "coordinates": [
          -1.56524,
          52.39326
        ]
      },
      "properties": {
        "name": "Wendiburgh Street",
        "campus_code": "",
        "atco_code": "43000066401",
        "sms_code": "nwmdwtaj",
        "services": "12X",
        "route_count": 1
      }
    },
    {
      "type": "Feature",
      "geometry": {
        "type": "Point",
        "coordinates": [
          -1.56515,
          52.39314
        ]
      },
      "properties": {
        "name": "Wendiburgh Street",
        "campus_code": "",
        "atco_code": "43000066402",
        "sms_code": "nwmdwtam",
        "services": "12X",
        "route_count": 1
      }
    },
    {
      "type": "Feature",
      "geometry": {
        "type": "Point",
        "coordinates": [
          -1.44873,
          52.41602
        ]
      },
      "properties": {
        "name": "Westmorland Road",
        "campus_code": "",
        "atco_code": "43000037201",
        "sms_code": "nwmdtmwp",
        "services": "60",
        "route_count": 1
      }
    },
    {
      "type": "Feature",
      "geometry": {
        "type": "Point",
        "coordinates": [
          -1.4487,
          52.41612
        ]
      },
      "properties": {
        "name": "Westmorland Road",
        "campus_code": "",
        "atco_code": "43000037202",
        "sms_code": "nwmdtmwt",
        "services": "60",
        "route_count": 1
      }
    },
    {
      "type": "Feature",
      "geometry": {
        "type": "Point",
        "coordinates": [
          -1.56989,
          52.38969
        ]
      },
      "properties": {
        "name": "Westwood Academy",
        "campus_code": "",
        "atco_code": "43001055401",
        "sms_code": "nwmtgmap",
        "services": "12X, 14, 60, 87",
        "route_count": 4
      }
    },
    {
      "type": "Feature",
      "geometry": {
        "type": "Point",
        "coordinates": [
          -1.56169,
          52.38786
        ]
      },
      "properties": {
        "name": "Westwood Campus",
        "campus_code": "",
        "atco_code": "43000063701",
        "sms_code": "nwmdwpjg",
        "services": "11, 60, 87",
        "route_count": 3
      }
    },
    {
      "type": "Feature",
      "geometry": {
        "type": "Point",
        "coordinates": [
          -1.56237,
          52.38745
        ]
      },
      "properties": {
        "name": "Westwood Campus",
        "campus_code": "",
        "atco_code": "43000063702",
        "sms_code": "nwmdwpjm",
        "services": "11, 14, 14A, 60, 87",
        "route_count": 5
      }
    },
    {
      "type": "Feature",
      "geometry": {
        "type": "Point",
        "coordinates": [
          -1.57143,
          52.38423
        ]
      },
      "properties": {
        "name": "Westwood Church",
        "campus_code": "",
        "atco_code": "43000000601",
        "sms_code": "nwmpmwpg",
        "services": "87",
        "route_count": 1
      }
    },
    {
      "type": "Feature",
      "geometry": {
        "type": "Point",
        "coordinates": [
          -1.59912,
          52.38878
        ]
      },
      "properties": {
        "name": "Westwood Heath Road",
        "campus_code": "",
        "atco_code": "43000067803",
        "sms_code": "nwmdwtjm",
        "services": "87",
        "route_count": 1
      }
    },
    {
      "type": "Feature",
      "geometry": {
        "type": "Point",
        "coordinates": [
          -1.5666,
          52.3853
        ]
      },
      "properties": {
        "name": "Westwood Way",
        "campus_code": "",
        "atco_code": "43001060801",
        "sms_code": "nwmtptmj",
        "services": "11, 14, 14A, 60, 87",
        "route_count": 5
      }
    },
    {
      "type": "Feature",
      "geometry": {
        "type": "Point",
        "coordinates": [
          -1.46474,
          52.43671
        ]
      },
      "properties": {
        "name": "Wexford Road",
        "campus_code": "",
        "atco_code": "43000139501",
        "sms_code": "nwmwdawt",
        "services": "21",
        "route_count": 1
      }
    },
    {
      "type": "Feature",
      "geometry": {
        "type": "Point",
        "coordinates": [
          -1.533553529,
          52.277795462
        ]
      },
      "properties": {
        "name": "Wheatsheaf",
        "campus_code": "",
        "atco_code": "4200F036401",
        "sms_code": "wardamgw",
        "services": "U1, U1A",
        "route_count": 2
      }
    },
    {
      "type": "Feature",
      "geometry": {
        "type": "Point",
        "coordinates": [
          -1.51146,
          52.4505
        ]
      },
      "properties": {
        "name": "Wheelwright Lane",
        "campus_code": "",
        "atco_code": "43000016901",
        "sms_code": "nwmptwaw",
        "services": "15",
        "route_count": 1
      }
    },
    {
      "type": "Feature",
      "geometry": {
        "type": "Point",
        "coordinates": [
          -1.65241,
          52.44457
        ]
      },
      "properties": {
        "name": "Whitestitch Lane",
        "campus_code": "",
        "atco_code": "43001101501",
        "sms_code": "nwmwgjtg",
        "services": "X1",
        "route_count": 1
      }
    },
    {
      "type": "Feature",
      "geometry": {
        "type": "Point",
        "coordinates": [
          -1.5554,
          52.40874
        ]
      },
      "properties": {
        "name": "Whoberley Court",
        "campus_code": "",
        "atco_code": "43000071501",
        "sms_code": "nwmgadgt",
        "services": "14, 14A",
        "route_count": 2
      }
    },
    {
      "type": "Feature",
      "geometry": {
        "type": "Point",
        "coordinates": [
          -1.55547,
          52.40879
        ]
      },
      "properties": {
        "name": "Whoberley Court",
        "campus_code": "",
        "atco_code": "43000071502",
        "sms_code": "nwmtjtma",
        "services": "14",
        "route_count": 1
      }
    },
    {
      "type": "Feature",
      "geometry": {
        "type": "Point",
        "coordinates": [
          -1.45888,
          52.38669
        ]
      },
      "properties": {
        "name": "Willenhall Primary School",
        "campus_code": "",
        "atco_code": "43000055401",
        "sms_code": "nwmdwjaw",
        "services": "21",
        "route_count": 1
      }
    },
    {
      "type": "Feature",
      "geometry": {
        "type": "Point",
        "coordinates": [
          -1.59929,
          52.41785
        ]
      },
      "properties": {
        "name": "William Bree Road",
        "campus_code": "",
        "atco_code": "43001075801",
        "sms_code": "nwmwatpd",
        "services": "14",
        "route_count": 1
      }
    },
    {
      "type": "Feature",
      "geometry": {
        "type": "Point",
        "coordinates": [
          -1.59905,
          52.4179
        ]
      },
      "properties": {
        "name": "William Bree Road",
        "campus_code": "",
        "atco_code": "43001075802",
        "sms_code": "nwmwgpta",
        "services": "14, 14A",
        "route_count": 2
      }
    },
    {
      "type": "Feature",
      "geometry": {
        "type": "Point",
        "coordinates": [
          -1.44946,
          52.3918
        ]
      },
      "properties": {
        "name": "William Mckee Close",
        "campus_code": "",
        "atco_code": "43000046601",
        "sms_code": "nwmdwawa",
        "services": "60",
        "route_count": 1
      }
    },
    {
      "type": "Feature",
      "geometry": {
        "type": "Point",
        "coordinates": [
          -1.44971,
          52.39203
        ]
      },
      "properties": {
        "name": "William Mckee Close",
        "campus_code": "",
        "atco_code": "43000046602",
        "sms_code": "nwmdwawd",
        "services": "60",
        "route_count": 1
      }
    },
    {
      "type": "Feature",
      "geometry": {
        "type": "Point",
        "coordinates": [
          -1.57189,
          52.41091
        ]
      },
      "properties": {
        "name": "Wilmcote Green Shops",
        "campus_code": "",
        "atco_code": "43000073301",
        "sms_code": "nwmgadwj",
        "services": "14",
        "route_count": 1
      }
    },
    {
      "type": "Feature",
      "geometry": {
        "type": "Point",
        "coordinates": [
          -1.57153,
          52.41117
        ]
      },
      "properties": {
        "name": "Wilmcote Green Shops",
        "campus_code": "",
        "atco_code": "43000073302",
        "sms_code": "nwmgadwm",
        "services": "14, 14A",
        "route_count": 2
      }
    },
    {
      "type": "Feature",
      "geometry": {
        "type": "Point",
        "coordinates": [
          -1.73669,
          52.39013
        ]
      },
      "properties": {
        "name": "Wilsons Arms",
        "campus_code": "",
        "atco_code": "43001085502",
        "sms_code": "nwmpjpga",
        "services": "87",
        "route_count": 1
      }
    },
    {
      "type": "Feature",
      "geometry": {
        "type": "Point",
        "coordinates": [
          -1.4419,
          52.41413
        ]
      },
      "properties": {
        "name": "Wimborne Drive",
        "campus_code": "",
        "atco_code": "43000038401",
        "sms_code": "nwmdtpdp",
        "services": "60",
        "route_count": 1
      }
    },
    {
      "type": "Feature",
      "geometry": {
        "type": "Point",
        "coordinates": [
          -1.44255,
          52.4142
        ]
      },
      "properties": {
        "name": "Wimborne Drive",
        "campus_code": "",
        "atco_code": "43000038402",
        "sms_code": "nwmdtpdt",
        "services": "60",
        "route_count": 1
      }
    },
    {
      "type": "Feature",
      "geometry": {
        "type": "Point",
        "coordinates": [
          -1.58416,
          52.4171
        ]
      },
      "properties": {
        "name": "Windermere Avenue",
        "campus_code": "",
        "atco_code": "43000073601",
        "sms_code": "nwmgagag",
        "services": "14",
        "route_count": 1
      }
    },
    {
      "type": "Feature",
      "geometry": {
        "type": "Point",
        "coordinates": [
          -1.58311,
          52.41696
        ]
      },
      "properties": {
        "name": "Windermere Avenue",
        "campus_code": "",
        "atco_code": "43000073602",
        "sms_code": "nwmgagaj",
        "services": "14, 14A",
        "route_count": 2
      }
    },
    {
      "type": "Feature",
      "geometry": {
        "type": "Point",
        "coordinates": [
          -1.57793,
          52.42787
        ]
      },
      "properties": {
        "name": "Windmill Farm",
        "campus_code": "",
        "atco_code": "43000086101",
        "sms_code": "nwmadgdw",
        "services": "X1",
        "route_count": 1
      }
    },
    {
      "type": "Feature",
      "geometry": {
        "type": "Point",
        "coordinates": [
          -1.534837694,
          52.275534958
        ]
      },
      "properties": {
        "name": "Windmill Inn",
        "campus_code": "",
        "atco_code": "4200F144201",
        "sms_code": "waradwta",
        "services": "U1, U1A",
        "route_count": 2
      }
    },
    {
      "type": "Feature",
      "geometry": {
        "type": "Point",
        "coordinates": [
          -1.535047952,
          52.275050307
        ]
      },
      "properties": {
        "name": "Windmill Inn",
        "campus_code": "",
        "atco_code": "4200F204401",
        "sms_code": "waradpmt",
        "services": "U1, U1A",
        "route_count": 2
      }
    },
    {
      "type": "Feature",
      "geometry": {
        "type": "Point",
        "coordinates": [
          -1.57703,
          52.39302
        ]
      },
      "properties": {
        "name": "Wolfe Road",
        "campus_code": "",
        "atco_code": "43000066801",
        "sms_code": "nwmdwtdj",
        "services": "14",
        "route_count": 1
      }
    },
    {
      "type": "Feature",
      "geometry": {
        "type": "Point",
        "coordinates": [
          -1.57601,
          52.39305
        ]
      },
      "properties": {
        "name": "Wolfe Road",
        "campus_code": "",
        "atco_code": "43000066802",
        "sms_code": "nwmdwtdm",
        "services": "14, 14A",
        "route_count": 2
      }
    },
    {
      "type": "Feature",
      "geometry": {
        "type": "Point",
        "coordinates": [
          -1.46464,
          52.43561
        ]
      },
      "properties": {
        "name": "Wood End Health Centre",
        "campus_code": "",
        "atco_code": "43000139701",
        "sms_code": "nwmgdapw",
        "services": "21",
        "route_count": 1
      }
    },
    {
      "type": "Feature",
      "geometry": {
        "type": "Point",
        "coordinates": [
          -1.46482,
          52.43558
        ]
      },
      "properties": {
        "name": "Wood End Health Centre",
        "campus_code": "",
        "atco_code": "43000139702",
        "sms_code": "nwmgdata",
        "services": "21",
        "route_count": 1
      }
    },
    {
      "type": "Feature",
      "geometry": {
        "type": "Point",
        "coordinates": [
          -1.536220075,
          52.300371672
        ]
      },
      "properties": {
        "name": "Woodcote Road",
        "campus_code": "",
        "atco_code": "4200F149801",
        "sms_code": "waradtwd",
        "services": "11, U1, U1A",
        "route_count": 3
      }
    },
    {
      "type": "Feature",
      "geometry": {
        "type": "Point",
        "coordinates": [
          -1.536696109,
          52.301128725
        ]
      },
      "properties": {
        "name": "Woodcote Road",
        "campus_code": "",
        "atco_code": "4200F149802",
        "sms_code": "waraptjw",
        "services": "11, U1, U1A",
        "route_count": 3
      }
    },
    {
      "type": "Feature",
      "geometry": {
        "type": "Point",
        "coordinates": [
          -1.565801406,
          52.358561089
        ]
      },
      "properties": {
        "name": "Woodland Road",
        "campus_code": "",
        "atco_code": "4200F108301",
        "sms_code": "warajwpm",
        "services": "11",
        "route_count": 1
      }
    },
    {
      "type": "Feature",
      "geometry": {
        "type": "Point",
        "coordinates": [
          -1.5653158,
          52.358667188
        ]
      },
      "properties": {
        "name": "Woodland Road",
        "campus_code": "",
        "atco_code": "4200F108302",
        "sms_code": "warajwpt",
        "services": "11",
        "route_count": 1
      }
    },
    {
      "type": "Feature",
      "geometry": {
        "type": "Point",
        "coordinates": [
          -1.58176,
          52.38527
        ]
      },
      "properties": {
        "name": "Woodleigh Road",
        "campus_code": "",
        "atco_code": "43000065901",
        "sms_code": "nwmdwpwd",
        "services": "87",
        "route_count": 1
      }
    },
    {
      "type": "Feature",
      "geometry": {
        "type": "Point",
        "coordinates": [
          -1.58314,
          52.38537
        ]
      },
      "properties": {
        "name": "Woodleigh Road",
        "campus_code": "",
        "atco_code": "43000065902",
        "sms_code": "nwmagptp",
        "services": "87",
        "route_count": 1
      }
    },
    {
      "type": "Feature",
      "geometry": {
        "type": "Point",
        "coordinates": [
          -1.46102,
          52.4172
        ]
      },
      "properties": {
        "name": "Wyken Avenue",
        "campus_code": "",
        "atco_code": "43000127701",
        "sms_code": "nwmgawpa",
        "services": "60",
        "route_count": 1
      }
    }
  ]
}